,Date,Symbol,Days,Price,Strike,Vol,Call,Put,Call Delta,Put Delta,Fecha Posicion,Prediction,Open
2167,2018-11-05,WE1X8,2,1.14555,1.145,0.114911224,0.004,0.0034,0.525350898,0.0,2018-11-01,sell,1.1877
3342,2018-11-06,EUUX8,3,1.14485,1.145,0.121055893,0.0048,0.0049,0.497066157,0.0,2018-11-02,sell,1.1932
4394,2018-11-07,EUUX8,2,1.14905,1.15,0.096688149,0.0027,0.0036,0.452850307,0.0,2018-11-04,sell,1.1921
4394,2018-11-07,EUUX8,2,1.14905,1.15,0.096688149,0.0027,0.0036,0.452850307,0.0,2018-11-05,sell,1.1915
4394,2018-11-07,EUUX8,2,1.14905,1.15,0.096688149,0.0027,0.0036,0.452850307,0.0,2018-11-06,sell,1.1931
4394,2018-11-07,EUUX8,2,1.14905,1.15,0.096688149,0.0027,0.0036,0.452850307,0.0,2018-11-07,sell,1.1987
4394,2018-11-07,EUUX8,2,1.14905,1.15,0.096688149,0.0027,0.0036,0.452850307,0.0,2018-11-08,sell,1.1952
8738,2018-11-13,EU3X8,3,1.1298,1.13,0.113614087,0.0044,0.0046,0.494785575,0.0,2018-11-09,sell,1.1873
8738,2018-11-13,EU3X8,3,1.1298,1.13,0.113614087,0.0044,0.0046,0.494785575,0.0,2018-11-11,sell,1.1848
8738,2018-11-13,EU3X8,3,1.1298,1.13,0.113614087,0.0044,0.0046,0.494785575,0.0,2018-11-12,sell,1.1846
8738,2018-11-13,EU3X8,3,1.1298,1.13,0.113614087,0.0044,0.0046,0.494785575,0.0,2018-11-13,sell,1.1767
8738,2018-11-13,EU3X8,3,1.1298,1.13,0.113614087,0.0044,0.0046,0.494785575,0.0,2018-11-14,sell,1.1812
8738,2018-11-13,EU3X8,3,1.1298,1.13,0.113614087,0.0044,0.0046,0.494785575,0.0,2018-11-15,sell,1.1858
14092,2018-11-20,EU4X8,3,1.13905,1.14,0.087397265,0.003,0.0039,0.457247465,0.0,2018-11-16,sell,1.1854
14092,2018-11-20,EU4X8,3,1.13905,1.14,0.087397265,0.003,0.0039,0.457247465,0.0,2018-11-18,sell,1.1937
14092,2018-11-20,EU4X8,3,1.13905,1.14,0.087397265,0.003,0.0039,0.457247465,0.0,2018-11-19,sell,1.1916
14092,2018-11-20,EU4X8,3,1.13905,1.14,0.087397265,0.003,0.0039,0.457247465,0.0,2018-11-20,sell,1.1962
14092,2018-11-20,EU4X8,3,1.13905,1.14,0.087397265,0.003,0.0039,0.457247465,0.0,2018-11-21,sell,1.1893
17161,2018-11-26,WE4X8,2,1.1347,1.135,0.079771297,0.0024,0.0027,0.482223286,0.0,2018-11-22,sell,1.1909
17161,2018-11-26,WE4X8,2,1.1347,1.135,0.079771297,0.0024,0.0027,0.482223286,0.0,2018-11-23,sell,1.1926
19336,2018-11-28,EU5X8,2,1.1392,1.14,0.093286252,0.0026,0.0034,0.458398988,0.0,2018-11-25,sell,1.1849
19336,2018-11-28,EU5X8,2,1.1392,1.14,0.093286252,0.0026,0.0034,0.458398988,0.0,2018-11-26,sell,1.1858
19336,2018-11-28,EU5X8,2,1.1392,1.14,0.093286252,0.0026,0.0034,0.458398988,0.0,2018-11-27,sell,1.1848
19336,2018-11-28,EU5X8,2,1.1392,1.14,0.093286252,0.0026,0.0034,0.458398988,0.0,2018-11-28,sell,1.1807
22428,2018-12-03,WE1Z8,2,1.13545,1.135,0.074928102,0.0026,0.0022,0.531005126,0.0,2018-11-29,sell,1.1897
23568,2018-12-04,EUUZ8,3,1.1353,1.135,0.091710196,0.0038,0.0035,0.514621514,0.0,2018-11-30,sell,1.1899
24582,2018-12-05,EUUZ8,2,1.1351,1.135,0.089435443,0.0029,0.0028,0.506796431,0.0,2018-12-02,sell,1.1835
24582,2018-12-05,EUUZ8,2,1.1351,1.135,0.089435443,0.0029,0.0028,0.506796431,0.0,2018-12-03,sell,1.1856
24582,2018-12-05,EUUZ8,2,1.1351,1.135,0.089435443,0.0029,0.0028,0.506796431,0.0,2018-12-04,sell,1.1881
24582,2018-12-05,EUUZ8,2,1.1351,1.135,0.089435443,0.0029,0.0028,0.506796431,0.0,2018-12-05,sell,1.1832
27644,2018-12-10,WE2Z8,2,1.1453,1.145,0.097680343,0.0033,0.003,0.516538286,0.0,2018-12-06,sell,1.1849
27644,2018-12-10,WE2Z8,2,1.1453,1.145,0.097680343,0.0033,0.003,0.516538286,0.0,2018-12-07,sell,1.1874
27644,2018-12-10,WE2Z8,2,1.1453,1.145,0.097680343,0.0033,0.003,0.516538286,0.0,2018-12-09,sell,1.1899
27644,2018-12-10,WE2Z8,2,1.1453,1.145,0.097680343,0.0033,0.003,0.516538286,0.0,2018-12-10,sell,1.1929
27644,2018-12-10,WE2Z8,2,1.1453,1.145,0.097680343,0.0033,0.003,0.516538286,0.0,2018-12-11,sell,1.1868
27644,2018-12-10,WE2Z8,2,1.1453,1.145,0.097680343,0.0033,0.003,0.516538286,0.0,2018-12-12,sell,1.1824
32704,2018-12-17,WE3Z8,2,1.1442,1.145,0.108219081,0.0031,0.0039,0.46480071,0.0,2018-12-13,sell,1.186
33808,2018-12-18,EU3Z8,3,1.1446,1.145,0.119526207,0.0046,0.005,0.488675634,0.0,2018-12-14,sell,1.1852
33808,2018-12-18,EU3Z8,3,1.1446,1.145,0.119526207,0.0046,0.005,0.488675634,0.0,2018-12-16,sell,1.1798
33808,2018-12-18,EU3Z8,3,1.1446,1.145,0.119526207,0.0046,0.005,0.488675634,0.0,2018-12-17,sell,1.1801
33808,2018-12-18,EU3Z8,3,1.1446,1.145,0.119526207,0.0046,0.005,0.488675634,0.0,2018-12-18,sell,1.1837
33808,2018-12-18,EU3Z8,3,1.1446,1.145,0.119526207,0.0046,0.005,0.488675634,0.0,2018-12-19,sell,1.1871
37818,2018-12-24,EU4Z8,4,1.14925,1.15,0.075448954,0.0032,0.0039,0.467619546,0.0,2018-12-20,sell,1.1875
37818,2018-12-24,EU4Z8,4,1.14925,1.15,0.075448954,0.0032,0.0039,0.467619546,0.0,2018-12-21,sell,1.1927
37818,2018-12-24,EU4Z8,4,1.14925,1.15,0.075448954,0.0032,0.0039,0.467619546,0.0,2018-12-23,sell,1.1851
37818,2018-12-24,EU4Z8,4,1.14925,1.15,0.075448954,0.0032,0.0039,0.467619546,0.0,2018-12-24,sell,1.1872
37818,2018-12-24,EU4Z8,4,1.14925,1.15,0.075448954,0.0032,0.0039,0.467619546,0.0,2018-12-25,sell,1.1894
37818,2018-12-24,EU4Z8,4,1.14925,1.15,0.075448954,0.0032,0.0039,0.467619546,0.0,2018-12-26,sell,1.1888
37818,2018-12-24,EU4Z8,4,1.14925,1.15,0.075448954,0.0032,0.0039,0.467619546,0.0,2018-12-27,sell,1.1861
37818,2018-12-24,EU4Z8,4,1.14925,1.15,0.075448954,0.0032,0.0039,0.467619546,0.0,2018-12-28,sell,1.1926
44979,2019-01-07,WE2F9,2,1.15465,1.155,0.086309813,0.0026,0.003,0.476230951,0.0,2019-01-03,sell,1.1835
45910,2019-01-08,EU2F9,3,1.1508,1.15,0.083981315,0.0038,0.003,0.539018071,0.0,2019-01-04,sell,1.1863
46736,2019-01-09,EU2F9,2,1.16095,1.16,0.105426973,0.0038,0.0029,0.546920417,0.0,2019-01-06,sell,1.1875
46736,2019-01-09,EU2F9,2,1.16095,1.16,0.105426973,0.0038,0.0029,0.546920417,0.0,2019-01-07,sell,1.1887
46736,2019-01-09,EU2F9,2,1.16095,1.16,0.105426973,0.0038,0.0029,0.546920417,0.0,2019-01-08,sell,1.1906
46736,2019-01-09,EU2F9,2,1.16095,1.16,0.105426973,0.0038,0.0029,0.0,-0.452953022,2019-01-09,buy,1.1926
46736,2019-01-09,EU2F9,2,1.16095,1.16,0.105426973,0.0038,0.0029,0.0,-0.452953022,2019-01-10,buy,1.202
50044,2019-01-15,EU3F9,3,1.14605,1.145,0.096861983,0.0044,0.0034,0.0,-0.455076683,2019-01-11,buy,1.199
50820,2019-01-16,EU3F9,2,1.14565,1.145,0.077115112,0.0028,0.0022,0.0,-0.457140976,2019-01-13,buy,1.1924
50820,2019-01-16,EU3F9,2,1.14565,1.145,0.077115112,0.0028,0.0022,0.0,-0.457140976,2019-01-14,buy,1.1937
50820,2019-01-16,EU3F9,2,1.14565,1.145,0.077115112,0.0028,0.0022,0.0,-0.457140976,2019-01-15,buy,1.194
50820,2019-01-16,EU3F9,2,1.14565,1.145,0.077115112,0.0028,0.0022,0.0,-0.457140976,2019-01-16,buy,1.187
50820,2019-01-16,EU3F9,2,1.14565,1.145,0.077115112,0.0028,0.0022,0.0,-0.457140976,2019-01-17,buy,1.1837
50820,2019-01-16,EU3F9,2,1.14565,1.145,0.077115112,0.0028,0.0022,0.0,-0.457140976,2019-01-18,buy,1.1848
50820,2019-01-16,EU3F9,2,1.14565,1.145,0.077115112,0.0028,0.0022,0.0,-0.457140976,2019-01-20,buy,1.1812
60693,2019-02-05,EUUG9,3,1.14485,1.145,0.06495935,0.0025,0.0027,0.0,-0.507984294,2019-02-01,buy,1.1883
61422,2019-02-06,EUUG9,2,1.1402,1.14,0.068776567,0.0023,0.0021,0.0,-0.484423773,2019-02-03,buy,1.1897
61422,2019-02-06,EUUG9,2,1.1402,1.14,0.068776567,0.0023,0.0021,0.0,-0.484423773,2019-02-04,buy,1.1883
61422,2019-02-06,EUUG9,2,1.1402,1.14,0.068776567,0.0023,0.0021,0.0,-0.484423773,2019-02-05,buy,1.1872
61422,2019-02-06,EUUG9,2,1.1402,1.14,0.068776567,0.0023,0.0021,0.0,-0.484423773,2019-02-06,buy,1.1839
63651,2019-02-11,EU3G9,4,1.13085,1.13,0.073584166,0.0038,0.003,0.0,-0.458360355,2019-02-07,buy,1.1798
63651,2019-02-11,EU3G9,4,1.13085,1.13,0.073584166,0.0038,0.003,0.0,-0.458360355,2019-02-08,buy,1.1774
65136,2019-02-13,EU3G9,2,1.1301,1.13,0.080186316,0.0026,0.0025,0.0,-0.492539178,2019-02-10,buy,1.1752
65136,2019-02-13,EU3G9,2,1.1301,1.13,0.080186316,0.0026,0.0025,0.0,-0.492539178,2019-02-11,buy,1.1752
65136,2019-02-13,EU3G9,2,1.1301,1.13,0.080186316,0.0026,0.0025,0.0,-0.492539178,2019-02-12,buy,1.1708
65136,2019-02-13,EU3G9,2,1.1301,1.13,0.080186316,0.0026,0.0025,0.507329663,0.0,2019-02-13,sell,1.1766
65136,2019-02-13,EU3G9,2,1.1301,1.13,0.080186316,0.0026,0.0025,0.507329663,0.0,2019-02-14,sell,1.1707
65136,2019-02-13,EU3G9,2,1.1301,1.13,0.080186316,0.0026,0.0025,0.507329663,0.0,2019-02-15,sell,1.1712
65136,2019-02-13,EU3G9,2,1.1301,1.13,0.080186316,0.0026,0.0025,0.507329663,0.0,2019-02-17,sell,1.1718
74086,2019-03-04,EUUH9,4,1.13435,1.135,0.077747011,0.0033,0.0039,0.472589601,0.0,2019-02-28,sell,1.1791
74086,2019-03-04,EUUH9,4,1.13435,1.135,0.077747011,0.0033,0.0039,0.472589601,0.0,2019-03-01,sell,1.1789
74086,2019-03-04,EUUH9,4,1.13435,1.135,0.077747011,0.0033,0.0039,0.472589601,0.0,2019-03-03,sell,1.1789
74086,2019-03-04,EUUH9,4,1.13435,1.135,0.077747011,0.0033,0.0039,0.472589601,0.0,2019-03-04,sell,1.1777
74086,2019-03-04,EUUH9,4,1.13435,1.135,0.077747011,0.0033,0.0039,0.472589601,0.0,2019-03-05,sell,1.1742
74086,2019-03-04,EUUH9,4,1.13435,1.135,0.077747011,0.0033,0.0039,0.472589601,0.0,2019-03-06,sell,1.171
74086,2019-03-04,EUUH9,4,1.13435,1.135,0.077747011,0.0033,0.0039,0.472589601,0.0,2019-03-07,sell,1.1712
74086,2019-03-04,EUUH9,4,1.13435,1.135,0.077747011,0.0033,0.0039,0.472589601,0.0,2019-03-08,sell,1.1608
84911,2019-03-25,EU5H9,4,1.1392,1.14,0.068533783,0.0028,0.0036,0.461241134,0.0,2019-03-21,sell,1.1821
85644,2019-03-26,EU5H9,3,1.1358,1.135,0.06744482,0.0031,0.0023,0.548590722,0.0,2019-03-22,sell,1.1772
86342,2019-03-27,EU5H9,2,1.13425,1.135,0.079637093,0.0022,0.0029,0.453741047,0.0,2019-03-24,sell,1.169
86342,2019-03-27,EU5H9,2,1.13425,1.135,0.079637093,0.0022,0.0029,0.453741047,0.0,2019-03-25,sell,1.1692
86342,2019-03-27,EU5H9,2,1.13425,1.135,0.079637093,0.0022,0.0029,0.453741047,0.0,2019-03-26,sell,1.1711
86342,2019-03-27,EU5H9,2,1.13425,1.135,0.079637093,0.0022,0.0029,0.453741047,0.0,2019-03-27,sell,1.1646
86342,2019-03-27,EU5H9,2,1.13425,1.135,0.079637093,0.0022,0.0029,0.453741047,0.0,2019-03-28,sell,1.1641
89379,2019-04-02,EUUJ9,3,1.12695,1.1275,0.060550914,0.0021,0.0027,0.464242558,0.0,2019-03-29,sell,1.1616
89379,2019-04-02,EUUJ9,3,1.12695,1.1275,0.060550914,0.0021,0.0027,0.464242558,0.0,2019-03-31,sell,1.1613
89379,2019-04-02,EUUJ9,3,1.12695,1.1275,0.060550914,0.0021,0.0027,0.464242558,0.0,2019-04-01,sell,1.1619
89379,2019-04-02,EUUJ9,3,1.12695,1.1275,0.060550914,0.0021,0.0027,0.464242558,0.0,2019-04-02,sell,1.1587
89379,2019-04-02,EUUJ9,3,1.12695,1.1275,0.060550914,0.0021,0.0027,0.464242558,0.0,2019-04-03,sell,1.1606
92505,2019-04-08,WE2J9,2,1.13285,1.1325,0.079949923,0.0027,0.0024,0.523031999,0.0,2019-04-04,sell,1.1624
93339,2019-04-09,EU2J9,3,1.13325,1.1325,0.076491565,0.0034,0.0027,0.540592763,0.0,2019-04-05,sell,1.1605
93339,2019-04-09,EU2J9,3,1.13325,1.1325,0.076491565,0.0034,0.0027,0.540592763,0.0,2019-04-07,sell,1.1596
93339,2019-04-09,EU2J9,3,1.13325,1.1325,0.076491565,0.0034,0.0027,0.540592763,0.0,2019-04-08,sell,1.1609
93339,2019-04-09,EU2J9,3,1.13325,1.1325,0.076491565,0.0034,0.0027,0.540592763,0.0,2019-04-09,sell,1.1647
93339,2019-04-09,EU2J9,3,1.13325,1.1325,0.076491565,0.0034,0.0027,0.540592763,0.0,2019-04-10,sell,1.1638
93339,2019-04-09,EU2J9,3,1.13325,1.1325,0.076491565,0.0034,0.0027,0.540592763,0.0,2019-04-11,sell,1.1652
97246,2019-04-16,EU3J9,2,1.1347,1.135,0.062472406,0.0018,0.0021,0.476134113,0.0,2019-04-12,sell,1.1664
97246,2019-04-16,EU3J9,2,1.1347,1.135,0.062472406,0.0018,0.0021,0.476134113,0.0,2019-04-14,sell,1.1677
97246,2019-04-16,EU3J9,2,1.1347,1.135,0.062472406,0.0018,0.0021,0.476134113,0.0,2019-04-15,sell,1.1686
97246,2019-04-16,EU3J9,2,1.1347,1.135,0.062472406,0.0018,0.0021,0.476134113,0.0,2019-04-16,sell,1.1677
97246,2019-04-16,EU3J9,2,1.1347,1.135,0.062472406,0.0018,0.0021,0.476134113,0.0,2019-04-17,sell,1.1671
97246,2019-04-16,EU3J9,2,1.1347,1.135,0.062472406,0.0018,0.0021,0.476134113,0.0,2019-04-18,sell,1.1661
101067,2019-04-24,EU4J9,2,1.1193,1.12,0.087205582,0.0024,0.0031,0.460262749,0.0,2019-04-21,sell,1.1601
101067,2019-04-24,EU4J9,2,1.1193,1.12,0.087205582,0.0024,0.0031,0.460262749,0.0,2019-04-22,sell,1.1605
101067,2019-04-24,EU4J9,2,1.1193,1.12,0.087205582,0.0024,0.0031,0.460262749,0.0,2019-04-23,sell,1.162
101067,2019-04-24,EU4J9,2,1.1193,1.12,0.087205582,0.0024,0.0031,0.460262749,0.0,2019-04-24,sell,1.1578
103415,2019-04-29,WE1K9,2,1.1229,1.1225,0.07932846,0.0027,0.0023,0.0,-0.473183918,2019-04-25,buy,1.1519
104281,2019-04-30,EUUK9,3,1.12665,1.1275,0.075463729,0.0026,0.0034,0.0,-0.543992244,2019-04-26,buy,1.1497
104281,2019-04-30,EUUK9,3,1.12665,1.1275,0.075463729,0.0026,0.0034,0.0,-0.543992244,2019-04-28,buy,1.1509
104281,2019-04-30,EUUK9,3,1.12665,1.1275,0.075463729,0.0026,0.0034,0.0,-0.543992244,2019-04-29,buy,1.1517
104281,2019-04-30,EUUK9,3,1.12665,1.1275,0.075463729,0.0026,0.0034,0.0,-0.543992244,2019-04-30,buy,1.1546
104281,2019-04-30,EUUK9,3,1.12665,1.1275,0.075463729,0.0026,0.0034,0.0,-0.543992244,2019-05-01,buy,1.1578
107410,2019-05-06,EU2K9,4,1.12435,1.125,0.064077312,0.0026,0.0033,0.0,-0.533797756,2019-05-02,buy,1.1562
108185,2019-05-07,EU2K9,3,1.122,1.1225,0.069790199,0.0025,0.003,0.0,-0.527766682,2019-05-03,buy,1.1528
108916,2019-05-08,EU2K9,2,1.1229,1.1225,0.069406855,0.0024,0.002,0.0,-0.469861084,2019-05-05,buy,1.1541
108916,2019-05-08,EU2K9,2,1.1229,1.1225,0.069406855,0.0024,0.002,0.0,-0.469861084,2019-05-06,buy,1.1547
108916,2019-05-08,EU2K9,2,1.1229,1.1225,0.069406855,0.0024,0.002,0.0,-0.469861084,2019-05-07,buy,1.156
108916,2019-05-08,EU2K9,2,1.1229,1.1225,0.069406855,0.0024,0.002,0.0,-0.469861084,2019-05-08,buy,1.1555
108916,2019-05-08,EU2K9,2,1.1229,1.1225,0.069406855,0.0024,0.002,0.0,-0.469861084,2019-05-09,buy,1.1539
108916,2019-05-08,EU2K9,2,1.1229,1.1225,0.069406855,0.0024,0.002,0.0,-0.469861084,2019-05-10,buy,1.1576
108916,2019-05-08,EU2K9,2,1.1229,1.1225,0.069406855,0.0024,0.002,0.0,-0.469861084,2019-05-12,buy,1.1584
115039,2019-05-20,EU4K9,4,1.11935,1.12,0.054571391,0.0022,0.0028,0.0,-0.54043237,2019-05-16,buy,1.1551
115039,2019-05-20,EU4K9,4,1.11935,1.12,0.054571391,0.0022,0.0028,0.0,-0.54043237,2019-05-17,buy,1.1518
115039,2019-05-20,EU4K9,4,1.11935,1.12,0.054571391,0.0022,0.0028,0.0,-0.54043237,2019-05-19,buy,1.1498
115039,2019-05-20,EU4K9,4,1.11935,1.12,0.054571391,0.0022,0.0028,0.0,-0.54043237,2019-05-20,buy,1.1494
115039,2019-05-20,EU4K9,4,1.11935,1.12,0.054571391,0.0022,0.0028,0.0,-0.54043237,2019-05-21,buy,1.1502
115039,2019-05-20,EU4K9,4,1.11935,1.12,0.054571391,0.0022,0.0028,0.0,-0.54043237,2019-05-22,buy,1.15
115039,2019-05-20,EU4K9,4,1.11935,1.12,0.054571391,0.0022,0.0028,0.0,-0.54043237,2019-05-23,buy,1.1484
115039,2019-05-20,EU4K9,4,1.11935,1.12,0.054571391,0.0022,0.0028,0.0,-0.54043237,2019-05-24,buy,1.1515
119545,2019-05-29,EU5K9,2,1.1151,1.115,0.055786632,0.0018,0.0017,0.0,-0.489991863,2019-05-26,buy,1.1542
119545,2019-05-29,EU5K9,2,1.1151,1.115,0.055786632,0.0018,0.0017,0.0,-0.489991863,2019-05-27,buy,1.1547
119545,2019-05-29,EU5K9,2,1.1151,1.115,0.055786632,0.0018,0.0017,0.0,-0.489991863,2019-05-28,buy,1.1515
119545,2019-05-29,EU5K9,2,1.1151,1.115,0.055786632,0.0018,0.0017,0.0,-0.489991863,2019-05-29,buy,1.1497
121810,2019-06-03,WE1M9,2,1.1271,1.1275,0.078653506,0.0023,0.0027,0.475354219,0.0,2019-05-30,sell,1.1466
122635,2019-06-04,EUUM9,3,1.1271,1.1275,0.093870229,0.0035,0.0039,0.484218485,0.0,2019-05-31,sell,1.1458
122635,2019-06-04,EUUM9,3,1.1271,1.1275,0.093870229,0.0035,0.0039,0.484218485,0.0,2019-06-02,sell,1.1496
122635,2019-06-04,EUUM9,3,1.1271,1.1275,0.093870229,0.0035,0.0039,0.484218485,0.0,2019-06-03,sell,1.1512
122635,2019-06-04,EUUM9,3,1.1271,1.1275,0.093870229,0.0035,0.0039,0.484218485,0.0,2019-06-04,sell,1.158
122635,2019-06-04,EUUM9,3,1.1271,1.1275,0.093870229,0.0035,0.0039,0.484218485,0.0,2019-06-05,sell,1.1587
125625,2019-06-10,WE2M9,2,1.1404,1.14,0.059413725,0.002,0.0016,0.536453341,0.0,2019-06-06,sell,1.1553
126447,2019-06-11,EU2M9,3,1.142,1.1425,0.058240819,0.002,0.0025,0.465268439,0.0,2019-06-07,sell,1.1589
127176,2019-06-12,EU2M9,2,1.13725,1.1375,0.059970053,0.0017,0.0019,0.47837177,0.0,2019-06-09,sell,1.165
127176,2019-06-12,EU2M9,2,1.13725,1.1375,0.059970053,0.0017,0.0019,0.47837177,0.0,2019-06-10,sell,1.1632
127176,2019-06-12,EU2M9,2,1.13725,1.1375,0.059970053,0.0017,0.0019,0.47837177,0.0,2019-06-11,sell,1.1634
127176,2019-06-12,EU2M9,2,1.13725,1.1375,0.059970053,0.0017,0.0019,0.47837177,0.0,2019-06-12,sell,1.1651
129431,2019-06-17,WE3M9,2,1.1299,1.13,0.065523542,0.0019,0.002,0.492540071,0.0,2019-06-13,sell,1.1611
130244,2019-06-18,EU3M9,3,1.1275,1.1275,0.089694304,0.0034,0.0034,0.501418791,0.0,2019-06-14,sell,1.1586
130970,2019-06-19,EU3M9,2,1.13265,1.1325,0.07829458,0.0024,0.0023,0.51121853,0.0,2019-06-16,sell,1.1525
130970,2019-06-19,EU3M9,2,1.13265,1.1325,0.07829458,0.0024,0.0023,0.51121853,0.0,2019-06-17,sell,1.1533
130970,2019-06-19,EU3M9,2,1.13265,1.1325,0.07829458,0.0024,0.0023,0.51121853,0.0,2019-06-18,sell,1.1543
130970,2019-06-19,EU3M9,2,1.13265,1.1325,0.07829458,0.0024,0.0023,0.51121853,0.0,2019-06-19,sell,1.1505
133226,2019-06-24,WE4M9,2,1.1476,1.1475,0.070760548,0.0022,0.0021,0.510085814,0.0,2019-06-20,sell,1.1579
134047,2019-06-25,EU4M9,3,1.1448,1.145,0.067508938,0.0025,0.0027,0.488723421,0.0,2019-06-21,sell,1.161
134786,2019-06-26,EU4M9,2,1.1443,1.145,0.073761638,0.0019,0.0026,0.450649932,0.0,2019-06-23,sell,1.1682
134786,2019-06-26,EU4M9,2,1.1443,1.145,0.073761638,0.0019,0.0026,0.450649932,0.0,2019-06-24,sell,1.1688
134786,2019-06-26,EU4M9,2,1.1443,1.145,0.073761638,0.0019,0.0026,0.450649932,0.0,2019-06-25,sell,1.1713
134786,2019-06-26,EU4M9,2,1.1443,1.145,0.073761638,0.0019,0.0026,0.450649932,0.0,2019-06-26,sell,1.1662
137055,2019-07-01,WE1N9,2,1.13535,1.135,0.05834778,0.0019,0.0016,0.532981289,0.0,2019-06-27,sell,1.1661
137055,2019-07-01,WE1N9,2,1.13535,1.135,0.05834778,0.0019,0.0016,0.532981289,0.0,2019-06-28,sell,1.1667
138613,2019-07-03,EUUN9,2,1.13475,1.135,0.060143406,0.0017,0.0019,0.478363407,0.0,2019-06-30,sell,1.1666
138613,2019-07-03,EUUN9,2,1.13475,1.135,0.060143406,0.0017,0.0019,0.478363407,0.0,2019-07-01,sell,1.1653
138613,2019-07-03,EUUN9,2,1.13475,1.135,0.060143406,0.0017,0.0019,0.478363407,0.0,2019-07-02,sell,1.1579
138613,2019-07-03,EUUN9,2,1.13475,1.135,0.060143406,0.0017,0.0019,0.478363407,0.0,2019-07-03,sell,1.1586
140100,2019-07-08,WE2N9,2,1.1276,1.1275,0.045201319,0.0014,0.0013,0.0,-0.484598679,2019-07-04,buy,1.1578
140895,2019-07-09,EU2N9,3,1.127,1.1275,0.059181245,0.002,0.0025,0.0,-0.534643199,2019-07-05,buy,1.1577
140895,2019-07-09,EU2N9,3,1.127,1.1275,0.059181245,0.002,0.0025,0.0,-0.534643199,2019-07-07,buy,1.1521
140895,2019-07-09,EU2N9,3,1.127,1.1275,0.059181245,0.002,0.0025,0.0,-0.534643199,2019-07-08,buy,1.1522
140895,2019-07-09,EU2N9,3,1.127,1.1275,0.059181245,0.002,0.0025,0.0,-0.534643199,2019-07-09,buy,1.1505
140895,2019-07-09,EU2N9,3,1.127,1.1275,0.059181245,0.002,0.0025,0.0,-0.534643199,2019-07-10,buy,1.15
140895,2019-07-09,EU2N9,3,1.127,1.1275,0.059181245,0.002,0.0025,0.0,-0.534643199,2019-07-11,buy,1.1568
140895,2019-07-09,EU2N9,3,1.127,1.1275,0.059181245,0.002,0.0025,0.0,-0.534643199,2019-07-12,buy,1.1561
145252,2019-07-17,EU3N9,2,1.1277,1.1275,0.043656106,0.0014,0.0012,0.0,-0.474628182,2019-07-14,buy,1.1559
145252,2019-07-17,EU3N9,2,1.1277,1.1275,0.043656106,0.0014,0.0012,0.0,-0.474628182,2019-07-15,buy,1.1562
145252,2019-07-17,EU3N9,2,1.1277,1.1275,0.043656106,0.0014,0.0012,0.0,-0.474628182,2019-07-16,buy,1.1547
145252,2019-07-17,EU3N9,2,1.1277,1.1275,0.043656106,0.0014,0.0012,0.0,-0.474628182,2019-07-17,buy,1.15
145252,2019-07-17,EU3N9,2,1.1277,1.1275,0.043656106,0.0014,0.0012,0.0,-0.474628182,2019-07-18,buy,1.1523
148193,2019-07-23,EU4N9,3,1.1199,1.12,0.086043878,0.0034,0.0035,0.0,-0.503013212,2019-07-19,buy,1.1545
148883,2019-07-24,EU4N9,2,1.11835,1.1175,0.112788321,0.0038,0.0029,0.0,-0.457626375,2019-07-21,buy,1.1502
148883,2019-07-24,EU4N9,2,1.11835,1.1175,0.112788321,0.0038,0.0029,0.0,-0.457626375,2019-07-22,buy,1.1499
148883,2019-07-24,EU4N9,2,1.11835,1.1175,0.112788321,0.0038,0.0029,0.0,-0.457626375,2019-07-23,buy,1.1476
148883,2019-07-24,EU4N9,2,1.11835,1.1175,0.112788321,0.0038,0.0029,0.0,-0.457626375,2019-07-24,buy,1.1423
151096,2019-07-29,EU1Q9,4,1.119,1.12,0.078350671,0.003,0.004,0.0,-0.544160219,2019-07-25,buy,1.1413
151839,2019-07-30,EU1Q9,3,1.1199,1.12,0.083407917,0.0031,0.0032,0.0,-0.503601219,2019-07-26,buy,1.1425
152536,2019-07-31,EU1Q9,2,1.11275,1.1125,0.090396695,0.0028,0.0025,0.0,-0.483598658,2019-07-28,buy,1.1404
152536,2019-07-31,EU1Q9,2,1.11275,1.1125,0.090396695,0.0028,0.0025,0.0,-0.483598658,2019-07-29,buy,1.1403
152536,2019-07-31,EU1Q9,2,1.11275,1.1125,0.090396695,0.0028,0.0025,0.0,-0.483598658,2019-07-30,buy,1.1416
152536,2019-07-31,EU1Q9,2,1.11275,1.1125,0.090396695,0.0028,0.0025,0.0,-0.483598658,2019-07-31,buy,1.1427
154761,2019-08-05,EUUQ9,4,1.1239,1.125,0.079035424,0.003,0.0041,0.0,-0.548006444,2019-08-01,buy,1.1316
154761,2019-08-05,EUUQ9,4,1.1239,1.125,0.079035424,0.003,0.0041,0.0,-0.548006444,2019-08-02,buy,1.1343
156219,2019-08-07,EUUQ9,2,1.1249,1.125,0.075517104,0.0022,0.0023,0.0,-0.506101287,2019-08-04,buy,1.138
156219,2019-08-07,EUUQ9,2,1.1249,1.125,0.075517104,0.0022,0.0023,0.0,-0.506101287,2019-08-05,buy,1.1392
156219,2019-08-07,EUUQ9,2,1.1249,1.125,0.075517104,0.0022,0.0023,0.0,-0.506101287,2019-08-06,buy,1.1479
156219,2019-08-07,EUUQ9,2,1.1249,1.125,0.075517104,0.0022,0.0023,0.0,-0.506101287,2019-08-07,buy,1.148
158358,2019-08-12,WE2Q9,2,1.12515,1.125,0.073906823,0.0023,0.0021,0.511873607,0.0,2019-08-08,sell,1.1474
159136,2019-08-13,EU3Q9,3,1.12045,1.12,0.06359041,0.0026,0.0022,0.53105351,0.0,2019-08-09,sell,1.1459
159136,2019-08-13,EU3Q9,3,1.12045,1.12,0.06359041,0.0026,0.0022,0.53105351,0.0,2019-08-11,sell,1.1463
159136,2019-08-13,EU3Q9,3,1.12045,1.12,0.06359041,0.0026,0.0022,0.53105351,0.0,2019-08-12,sell,1.1468
159136,2019-08-13,EU3Q9,3,1.12045,1.12,0.06359041,0.0026,0.0022,0.53105351,0.0,2019-08-13,sell,1.145
159136,2019-08-13,EU3Q9,3,1.12045,1.12,0.06359041,0.0026,0.0022,0.53105351,0.0,2019-08-14,sell,1.1432
162051,2019-08-19,EU4Q9,4,1.1106,1.11,0.056508565,0.0028,0.0022,0.539415527,0.0,2019-08-15,sell,1.1405
162811,2019-08-20,EU4Q9,3,1.11195,1.1125,0.054514329,0.0018,0.0023,0.457795409,0.0,2019-08-16,sell,1.1358
162811,2019-08-20,EU4Q9,3,1.11195,1.1125,0.054514329,0.0018,0.0023,0.457795409,0.0,2019-08-18,sell,1.1349
162811,2019-08-20,EU4Q9,3,1.11195,1.1125,0.054514329,0.0018,0.0023,0.457795409,0.0,2019-08-19,sell,1.1347
162811,2019-08-20,EU4Q9,3,1.11195,1.1125,0.054514329,0.0018,0.0023,0.457795409,0.0,2019-08-20,sell,1.1342
162811,2019-08-20,EU4Q9,3,1.11195,1.1125,0.054514329,0.0018,0.0023,0.457795409,0.0,2019-08-21,sell,1.1349
162811,2019-08-20,EU4Q9,3,1.11195,1.1125,0.054514329,0.0018,0.0023,0.457795409,0.0,2019-08-22,sell,1.1338
162811,2019-08-20,EU4Q9,3,1.11195,1.1125,0.054514329,0.0018,0.0023,0.457795409,0.0,2019-08-23,sell,1.1319
167250,2019-08-28,EU5Q9,2,1.10955,1.11,0.050688869,0.0013,0.0017,0.452419092,0.0,2019-08-25,sell,1.1397
167250,2019-08-28,EU5Q9,2,1.10955,1.11,0.050688869,0.0013,0.0017,0.452419092,0.0,2019-08-26,sell,1.1392
167250,2019-08-28,EU5Q9,2,1.10955,1.11,0.050688869,0.0013,0.0017,0.452419092,0.0,2019-08-27,sell,1.1351
167250,2019-08-28,EU5Q9,2,1.10955,1.11,0.050688869,0.0013,0.0017,0.452419092,0.0,2019-08-28,sell,1.1334
167250,2019-08-28,EU5Q9,2,1.10955,1.11,0.050688869,0.0013,0.0017,0.452419092,0.0,2019-08-29,sell,1.1329
169503,2019-09-03,EUUU9,3,1.0978,1.0975,0.074281171,0.0029,0.0026,0.518612205,0.0,2019-08-30,sell,1.1289
169503,2019-09-03,EUUU9,3,1.0978,1.0975,0.074281171,0.0029,0.0026,0.518612205,0.0,2019-09-01,sell,1.1229
169503,2019-09-03,EUUU9,3,1.0978,1.0975,0.074281171,0.0029,0.0026,0.518612205,0.0,2019-09-02,sell,1.1235
169503,2019-09-03,EUUU9,3,1.0978,1.0975,0.074281171,0.0029,0.0026,0.518612205,0.0,2019-09-03,sell,1.1177
169503,2019-09-03,EUUU9,3,1.0978,1.0975,0.074281171,0.0029,0.0026,0.518612205,0.0,2019-09-04,sell,1.1218
172535,2019-09-09,EU2U9,4,1.11335,1.1125,0.083490725,0.0041,0.0033,0.538287741,0.0,2019-09-05,sell,1.1267
173291,2019-09-10,EU2U9,3,1.1127,1.1125,0.104254325,0.004,0.0038,0.509878531,0.0,2019-09-06,sell,1.1275
174002,2019-09-11,EU2U9,2,1.10855,1.1075,0.141447334,0.0047,0.0036,0.542551115,0.0,2019-09-08,sell,1.1266
174002,2019-09-11,EU2U9,2,1.10855,1.1075,0.141447334,0.0047,0.0036,0.542551115,0.0,2019-09-09,sell,1.1264
174002,2019-09-11,EU2U9,2,1.10855,1.1075,0.141447334,0.0047,0.0036,0.542551115,0.0,2019-09-10,sell,1.128
174002,2019-09-11,EU2U9,2,1.10855,1.1075,0.141447334,0.0047,0.0036,0.542551115,0.0,2019-09-11,sell,1.1289
176221,2019-09-16,EU3U9,4,1.1081,1.1075,0.081990194,0.0039,0.0033,0.528187212,0.0,2019-09-12,sell,1.1247
177175,2019-09-17,EU3U9,3,1.114,1.115,0.097959242,0.0032,0.0042,0.458144628,0.0,2019-09-13,sell,1.1301
178089,2019-09-18,EU3U9,2,1.11035,1.11,0.071728499,0.0023,0.0019,0.527720677,0.0,2019-09-15,sell,1.1304
178089,2019-09-18,EU3U9,2,1.11035,1.11,0.071728499,0.0023,0.0019,0.527720677,0.0,2019-09-16,sell,1.1301
178089,2019-09-18,EU3U9,2,1.11035,1.11,0.071728499,0.0023,0.0019,0.527720677,0.0,2019-09-17,sell,1.1241
178089,2019-09-18,EU3U9,2,1.11035,1.11,0.071728499,0.0023,0.0019,0.527720677,0.0,2019-09-18,sell,1.1294
178089,2019-09-18,EU3U9,2,1.11035,1.11,0.071728499,0.0023,0.0019,0.527720677,0.0,2019-09-19,sell,1.1265
178089,2019-09-18,EU3U9,2,1.11035,1.11,0.071728499,0.0023,0.0019,0.527720677,0.0,2019-09-20,sell,1.1284
178089,2019-09-18,EU3U9,2,1.11035,1.11,0.071728499,0.0023,0.0019,0.527720677,0.0,2019-09-22,sell,1.1242
186705,2019-10-01,EUUV9,3,1.0996,1.1,0.064568065,0.0022,0.0026,0.474343196,0.0,2019-09-27,sell,1.1142
186705,2019-10-01,EUUV9,3,1.0996,1.1,0.064568065,0.0022,0.0026,0.474343196,0.0,2019-09-29,sell,1.1157
186705,2019-10-01,EUUV9,3,1.0996,1.1,0.064568065,0.0022,0.0026,0.474343196,0.0,2019-09-30,sell,1.1151
186705,2019-10-01,EUUV9,3,1.0996,1.1,0.064568065,0.0022,0.0026,0.474343196,0.0,2019-10-01,sell,1.1106
186705,2019-10-01,EUUV9,3,1.0996,1.1,0.064568065,0.0022,0.0026,0.474343196,0.0,2019-10-02,sell,1.1151
190526,2019-10-07,WE2V9,2,1.1026,1.1025,0.053336348,0.0016,0.0015,0.510999101,0.0,2019-10-03,sell,1.1168
190526,2019-10-07,WE2V9,2,1.1026,1.1025,0.053336348,0.0016,0.0015,0.510999101,0.0,2019-10-04,sell,1.1189
192407,2019-10-09,EU2V9,2,1.10245,1.1025,0.063356862,0.0018,0.0019,0.496459723,0.0,2019-10-06,sell,1.119
192407,2019-10-09,EU2V9,2,1.10245,1.1025,0.063356862,0.0018,0.0019,0.496459723,0.0,2019-10-07,sell,1.119
192407,2019-10-09,EU2V9,2,1.10245,1.1025,0.063356862,0.0018,0.0019,0.496459723,0.0,2019-10-08,sell,1.1183
192407,2019-10-09,EU2V9,2,1.10245,1.1025,0.063356862,0.0018,0.0019,0.496459723,0.0,2019-10-09,sell,1.1172
195181,2019-10-14,WE3V9,2,1.1077,1.1075,0.061594482,0.0019,0.0017,0.518637226,0.0,2019-10-10,sell,1.1193
196210,2019-10-15,EU3V9,3,1.1081,1.1075,0.069514561,0.0029,0.0023,0.538148693,0.0,2019-10-11,sell,1.1221
197154,2019-10-16,EU3V9,2,1.11185,1.1125,0.072483033,0.0018,0.0025,0.452156182,0.0,2019-10-13,sell,1.1241
197154,2019-10-16,EU3V9,2,1.11185,1.1125,0.072483033,0.0018,0.0025,0.452156182,0.0,2019-10-14,sell,1.1235
197154,2019-10-16,EU3V9,2,1.11185,1.1125,0.072483033,0.0018,0.0025,0.452156182,0.0,2019-10-15,sell,1.1234
197154,2019-10-16,EU3V9,2,1.11185,1.1125,0.072483033,0.0018,0.0025,0.452156182,0.0,2019-10-16,sell,1.1234
197154,2019-10-16,EU3V9,2,1.11185,1.1125,0.072483033,0.0018,0.0025,0.452156182,0.0,2019-10-17,sell,1.1277
201094,2019-10-22,EU4V9,3,1.1165,1.1175,0.084569895,0.0027,0.0037,0.451043009,0.0,2019-10-18,sell,1.1326
202053,2019-10-23,EU4V9,2,1.11685,1.1175,0.074266258,0.0019,0.0025,0.453169846,0.0,2019-10-20,sell,1.1356
202053,2019-10-23,EU4V9,2,1.11685,1.1175,0.074266258,0.0019,0.0025,0.453169846,0.0,2019-10-21,sell,1.1359
202053,2019-10-23,EU4V9,2,1.11685,1.1175,0.074266258,0.0019,0.0025,0.453169846,0.0,2019-10-22,sell,1.1348
202053,2019-10-23,EU4V9,2,1.11685,1.1175,0.074266258,0.0019,0.0025,0.453169846,0.0,2019-10-23,sell,1.1315
202053,2019-10-23,EU4V9,2,1.11685,1.1175,0.074266258,0.0019,0.0025,0.453169846,0.0,2019-10-24,sell,1.133
206037,2019-10-29,EU1X9,3,1.11455,1.115,0.071916984,0.0025,0.0029,0.474414165,0.0,2019-10-25,sell,1.1296
206037,2019-10-29,EU1X9,3,1.11455,1.115,0.071916984,0.0025,0.0029,0.474414165,0.0,2019-10-27,sell,1.1274
206037,2019-10-29,EU1X9,3,1.11455,1.115,0.071916984,0.0025,0.0029,0.474414165,0.0,2019-10-28,sell,1.1274
206037,2019-10-29,EU1X9,3,1.11455,1.115,0.071916984,0.0025,0.0029,0.474414165,0.0,2019-10-29,sell,1.1288
206037,2019-10-29,EU1X9,3,1.11455,1.115,0.071916984,0.0025,0.0029,0.474414165,0.0,2019-10-30,sell,1.13
206037,2019-10-29,EU1X9,3,1.11455,1.115,0.071916984,0.0025,0.0029,0.474414165,0.0,2019-10-31,sell,1.1357
210980,2019-11-05,EUUX9,3,1.10935,1.11,0.057058098,0.0018,0.0025,0.452258374,0.0,2019-11-01,sell,1.1352
211937,2019-11-06,EUUX9,2,1.10965,1.11,0.052575208,0.0014,0.0017,0.464300287,0.0,2019-11-03,sell,1.1353
211937,2019-11-06,EUUX9,2,1.10965,1.11,0.052575208,0.0014,0.0017,0.464300287,0.0,2019-11-04,sell,1.1356
211937,2019-11-06,EUUX9,2,1.10965,1.11,0.052575208,0.0014,0.0017,0.464300287,0.0,2019-11-05,sell,1.131
211937,2019-11-06,EUUX9,2,1.10965,1.11,0.052575208,0.0014,0.0017,0.464300287,0.0,2019-11-06,sell,1.1255
211937,2019-11-06,EUUX9,2,1.10965,1.11,0.052575208,0.0014,0.0017,0.464300287,0.0,2019-11-07,sell,1.1242
211937,2019-11-06,EUUX9,2,1.10965,1.11,0.052575208,0.0014,0.0017,0.464300287,0.0,2019-11-08,sell,1.123
216846,2019-11-13,EU3X9,2,1.10245,1.1025,0.049919462,0.0014,0.0015,0.49505978,0.0,2019-11-10,sell,1.1202
216846,2019-11-13,EU3X9,2,1.10245,1.1025,0.049919462,0.0014,0.0015,0.49505978,0.0,2019-11-11,sell,1.1204
216846,2019-11-13,EU3X9,2,1.10245,1.1025,0.049919462,0.0014,0.0015,0.49505978,0.0,2019-11-12,sell,1.1214
216846,2019-11-13,EU3X9,2,1.10245,1.1025,0.049919462,0.0014,0.0015,0.49505978,0.0,2019-11-13,sell,1.1195
219858,2019-11-18,EU4X9,4,1.1094,1.11,0.049794119,0.0019,0.0025,0.457127639,0.0,2019-11-14,sell,1.1178
220859,2019-11-19,EU4X9,3,1.10965,1.11,0.05333568,0.0018,0.0022,0.472787987,0.0,2019-11-15,sell,1.1202
220859,2019-11-19,EU4X9,3,1.10965,1.11,0.05333568,0.0018,0.0022,0.472787987,0.0,2019-11-17,sell,1.1228
220859,2019-11-19,EU4X9,3,1.10965,1.11,0.05333568,0.0018,0.0022,0.472787987,0.0,2019-11-18,sell,1.1238
220859,2019-11-19,EU4X9,3,1.10965,1.11,0.05333568,0.0018,0.0022,0.472787987,0.0,2019-11-19,sell,1.125
220859,2019-11-19,EU4X9,3,1.10965,1.11,0.05333568,0.0018,0.0022,0.472787987,0.0,2019-11-20,sell,1.1247
224724,2019-11-25,WE4X9,2,1.10235,1.1025,0.044741419,0.0012,0.0014,0.481922534,0.0,2019-11-21,sell,1.1248
224724,2019-11-25,WE4X9,2,1.10235,1.1025,0.044741419,0.0012,0.0014,0.481922534,0.0,2019-11-22,sell,1.1236
224724,2019-11-25,WE4X9,2,1.10235,1.1025,0.044741419,0.0012,0.0014,0.481922534,0.0,2019-11-24,sell,1.1192
224724,2019-11-25,WE4X9,2,1.10235,1.1025,0.044741419,0.0012,0.0014,0.481922534,0.0,2019-11-25,sell,1.1193
224724,2019-11-25,WE4X9,2,1.10235,1.1025,0.044741419,0.0012,0.0014,0.481922534,0.0,2019-11-26,sell,1.1183
224724,2019-11-25,WE4X9,2,1.10235,1.1025,0.044741419,0.0012,0.0014,0.481922534,0.0,2019-11-27,sell,1.1182
224724,2019-11-25,WE4X9,2,1.10235,1.1025,0.044741419,0.0012,0.0014,0.481922534,0.0,2019-11-28,sell,1.1174
224724,2019-11-25,WE4X9,2,1.10235,1.1025,0.044741419,0.0012,0.0014,0.481922534,0.0,2019-11-29,sell,1.1178
234505,2019-12-10,EU2Z9,3,1.117,1.1175,0.097031791,0.0034,0.0039,0.479571074,0.0,2019-12-06,sell,1.1269
234505,2019-12-10,EU2Z9,3,1.117,1.1175,0.097031791,0.0034,0.0039,0.479571074,0.0,2019-12-08,sell,1.1219
234505,2019-12-10,EU2Z9,3,1.117,1.1175,0.097031791,0.0034,0.0039,0.479571074,0.0,2019-12-09,sell,1.1218
234505,2019-12-10,EU2Z9,3,1.117,1.1175,0.097031791,0.0034,0.0039,0.479571074,0.0,2019-12-10,sell,1.1229
234505,2019-12-10,EU2Z9,3,1.117,1.1175,0.097031791,0.0034,0.0039,0.479571074,0.0,2019-12-11,sell,1.1251
238317,2019-12-16,EU3Z9,4,1.12175,1.1225,0.057038902,0.0022,0.0029,0.453733641,0.0,2019-12-12,sell,1.1303
238317,2019-12-16,EU3Z9,4,1.12175,1.1225,0.057038902,0.0022,0.0029,0.453733641,0.0,2019-12-13,sell,1.1329
238317,2019-12-16,EU3Z9,4,1.12175,1.1225,0.057038902,0.0022,0.0029,0.453733641,0.0,2019-12-15,sell,1.1286
238317,2019-12-16,EU3Z9,4,1.12175,1.1225,0.057038902,0.0022,0.0029,0.453733641,0.0,2019-12-16,sell,1.1289
238317,2019-12-16,EU3Z9,4,1.12175,1.1225,0.057038902,0.0022,0.0029,0.453733641,0.0,2019-12-17,sell,1.1304
238317,2019-12-16,EU3Z9,4,1.12175,1.1225,0.057038902,0.0022,0.0029,0.453733641,0.0,2019-12-18,sell,1.1288
238317,2019-12-16,EU3Z9,4,1.12175,1.1225,0.057038902,0.0022,0.0029,0.453733641,0.0,2019-12-19,sell,1.128
244029,2019-12-24,EU4Z9,3,1.115,1.115,0.018673802,0.0007,0.0007,0.500246243,0.0,2019-12-20,sell,1.1267
244029,2019-12-24,EU4Z9,3,1.115,1.115,0.018673802,0.0007,0.0007,0.500246243,0.0,2019-12-22,sell,1.1228
244029,2019-12-24,EU4Z9,3,1.115,1.115,0.018673802,0.0007,0.0007,0.500246243,0.0,2019-12-23,sell,1.1229
244029,2019-12-24,EU4Z9,3,1.115,1.115,0.018673802,0.0007,0.0007,0.500246243,0.0,2019-12-24,sell,1.1238
244029,2019-12-24,EU4Z9,3,1.115,1.115,0.018673802,0.0007,0.0007,0.500246243,0.0,2019-12-25,sell,1.1241
246906,2019-12-30,EUUF0,4,1.12565,1.125,0.047942475,0.0025,0.0018,0.549609243,0.0,2019-12-26,sell,1.124
246906,2019-12-30,EUUF0,4,1.12565,1.125,0.047942475,0.0025,0.0018,0.549609243,0.0,2019-12-27,sell,1.127
246906,2019-12-30,EUUF0,4,1.12565,1.125,0.047942475,0.0025,0.0018,0.549609243,0.0,2019-12-29,sell,1.1325
246906,2019-12-30,EUUF0,4,1.12565,1.125,0.047942475,0.0025,0.0018,0.549609243,0.0,2019-12-30,sell,1.1338
246906,2019-12-30,EUUF0,4,1.12565,1.125,0.047942475,0.0025,0.0018,0.549609243,0.0,2019-12-31,sell,1.1343
246906,2019-12-30,EUUF0,4,1.12565,1.125,0.047942475,0.0025,0.0018,0.549609243,0.0,2020-01-01,sell,1.1357
246906,2019-12-30,EUUF0,4,1.12565,1.125,0.047942475,0.0025,0.0018,0.549609243,0.0,2020-01-02,sell,1.1340000000000001
246906,2019-12-30,EUUF0,4,1.12565,1.125,0.047942475,0.0025,0.0018,0.549609243,0.0,2020-01-03,sell,1.1307
256325,2020-01-14,EU3F0,3,1.1171,1.1175,0.044946949,0.0015,0.0019,0.462850966,0.0,2020-01-10,sell,1.1241
256325,2020-01-14,EU3F0,3,1.1171,1.1175,0.044946949,0.0015,0.0019,0.462850966,0.0,2020-01-12,sell,1.1249
256325,2020-01-14,EU3F0,3,1.1171,1.1175,0.044946949,0.0015,0.0019,0.462850966,0.0,2020-01-13,sell,1.1258
256325,2020-01-14,EU3F0,3,1.1171,1.1175,0.044946949,0.0015,0.0019,0.462850966,0.0,2020-01-14,sell,1.1268
256325,2020-01-14,EU3F0,3,1.1171,1.1175,0.044946949,0.0015,0.0019,0.462850966,0.0,2020-01-15,sell,1.1262
256325,2020-01-14,EU3F0,3,1.1171,1.1175,0.044946949,0.0015,0.0019,0.462850966,0.0,2020-01-16,sell,1.128
256325,2020-01-14,EU3F0,3,1.1171,1.1175,0.044946949,0.0015,0.0019,0.462850966,0.0,2020-01-17,sell,1.1261
261061,2020-01-22,EU4F0,2,1.11295,1.1125,0.052526309,0.0018,0.0013,0.547678316,0.0,2020-01-19,sell,1.1216
261061,2020-01-22,EU4F0,2,1.11295,1.1125,0.052526309,0.0018,0.0013,0.547678316,0.0,2020-01-20,sell,1.1222
261061,2020-01-22,EU4F0,2,1.11295,1.1125,0.052526309,0.0018,0.0013,0.547678316,0.0,2020-01-21,sell,1.1224
261061,2020-01-22,EU4F0,2,1.11295,1.1125,0.052526309,0.0018,0.0013,0.547678316,0.0,2020-01-22,sell,1.1207
263900,2020-01-27,WE5F0,2,1.1049,1.105,0.046351896,0.0013,0.0014,0.488582002,0.0,2020-01-23,sell,1.1208
264929,2020-01-28,EU5F0,3,1.1049,1.105,0.055010225,0.002,0.0021,0.49301973,0.0,2020-01-24,sell,1.1171
265873,2020-01-29,EU5F0,2,1.1051,1.105,0.042686533,0.0013,0.0012,0.513454229,0.0,2020-01-26,sell,1.1151
265873,2020-01-29,EU5F0,2,1.1051,1.105,0.042686533,0.0013,0.0012,0.513454229,0.0,2020-01-27,sell,1.1148
265873,2020-01-29,EU5F0,2,1.1051,1.105,0.042686533,0.0013,0.0012,0.513454229,0.0,2020-01-28,sell,1.1143
265873,2020-01-29,EU5F0,2,1.1051,1.105,0.042686533,0.0013,0.0012,0.513454229,0.0,2020-01-29,sell,1.1132
265873,2020-01-29,EU5F0,2,1.1051,1.105,0.042686533,0.0013,0.0012,0.0,-0.486470927,2020-01-30,buy,1.1135
269764,2020-02-04,EUUG0,3,1.107,1.1075,0.043913892,0.0014,0.0019,0.0,-0.548395098,2020-01-31,buy,1.1141
270697,2020-02-05,EUUG0,2,1.1023,1.1025,0.048167154,0.0013,0.0015,0.0,-0.522445076,2020-02-02,buy,1.1204
270697,2020-02-05,EUUG0,2,1.1023,1.1025,0.048167154,0.0013,0.0015,0.0,-0.522445076,2020-02-03,buy,1.1198
270697,2020-02-05,EUUG0,2,1.1023,1.1025,0.048167154,0.0013,0.0015,0.0,-0.522445076,2020-02-04,buy,1.1175
270697,2020-02-05,EUUG0,2,1.1023,1.1025,0.048167154,0.0013,0.0015,0.0,-0.522445076,2020-02-05,buy,1.1149
270697,2020-02-05,EUUG0,2,1.1023,1.1025,0.048167154,0.0013,0.0015,0.0,-0.522445076,2020-02-06,buy,1.1108
274630,2020-02-11,EU2G0,3,1.09445,1.095,0.054032688,0.0017,0.0023,0.0,-0.54352096,2020-02-07,buy,1.1094
274630,2020-02-11,EU2G0,3,1.09445,1.095,0.054032688,0.0017,0.0023,0.0,-0.54352096,2020-02-09,buy,1.1057
274630,2020-02-11,EU2G0,3,1.09445,1.095,0.054032688,0.0017,0.0023,0.0,-0.54352096,2020-02-10,buy,1.1068
274630,2020-02-11,EU2G0,3,1.09445,1.095,0.054032688,0.0017,0.0023,0.0,-0.54352096,2020-02-11,buy,1.1019
274630,2020-02-11,EU2G0,3,1.09445,1.095,0.054032688,0.0017,0.0023,0.0,-0.54352096,2020-02-12,buy,1.1022
274630,2020-02-11,EU2G0,3,1.09445,1.095,0.054032688,0.0017,0.0023,0.0,-0.54352096,2020-02-13,buy,1.0976
274630,2020-02-11,EU2G0,3,1.09445,1.095,0.054032688,0.0017,0.0023,0.0,-0.54352096,2020-02-14,buy,1.0941
282878,2020-02-24,EU4G0,4,1.08565,1.085,0.067152535,0.0032,0.0026,0.0,-0.462548282,2020-02-20,buy,1.0902
283956,2020-02-25,EU4G0,3,1.0894,1.0875,0.081950536,0.004,0.0021,0.0,-0.474306753,2020-02-21,buy,1.0897
286274,2020-02-27,MO1H0,4,1.0998,1.1,0.075812196,0.0032,0.0034,0.0,-0.507838863,2020-02-23,buy,1.0933
286274,2020-02-27,MO1H0,4,1.0998,1.1,0.075812196,0.0032,0.0034,0.0,-0.507838863,2020-02-24,buy,1.0923
286274,2020-02-27,MO1H0,4,1.0998,1.1,0.075812196,0.0032,0.0034,0.0,-0.507838863,2020-02-25,buy,1.0962
286274,2020-02-27,MO1H0,4,1.0998,1.1,0.075812196,0.0032,0.0034,0.0,-0.507838863,2020-02-26,buy,1.097
288602,2020-03-02,WE1H0,2,1.1173,1.1175,0.142165094,0.0041,0.0043,0.0,-0.505901787,2020-02-27,buy,1.1011
289870,2020-03-03,EUUH0,3,1.11865,1.1175,0.115174992,0.0049,0.0038,0.0,-0.455161303,2020-02-28,buy,1.1091
292359,2020-03-05,MO2H0,4,1.1251,1.125,0.075505457,0.0034,0.0033,0.0,-0.493676513,2020-03-01,buy,1.1148
293533,2020-03-06,MO2H0,3,1.13635,1.1375,0.09597097,0.0031,0.0042,0.0,-0.549811217,2020-03-02,buy,1.1148
293533,2020-03-06,MO2H0,3,1.13635,1.1375,0.09597097,0.0031,0.0042,0.0,-0.549811217,2020-03-03,buy,1.1242
293533,2020-03-06,MO2H0,3,1.13635,1.1375,0.09597097,0.0031,0.0042,0.0,-0.549811217,2020-03-04,buy,1.1256
294720,2020-03-09,WE2H0,2,1.1509,1.15,0.191936168,0.0063,0.0054,0.0,-0.472647171,2020-03-05,buy,1.1233
296007,2020-03-10,EU2H0,3,1.13395,1.1325,0.165209223,0.0069,0.0055,0.0,-0.459791983,2020-03-06,buy,1.1324
298827,2020-03-12,MO3H0,4,1.1216,1.12,0.125263293,0.0064,0.0048,0.0,-0.451529762,2020-03-08,buy,1.1440000000000001
300304,2020-03-13,MO3H0,3,1.11245,1.1125,0.129687418,0.0048,0.0049,0.0,-0.499474873,2020-03-09,buy,1.1507
300304,2020-03-13,MO3H0,3,1.11245,1.1125,0.129687418,0.0048,0.0049,0.0,-0.499474873,2020-03-10,buy,1.1486
300304,2020-03-13,MO3H0,3,1.11245,1.1125,0.129687418,0.0048,0.0049,0.0,-0.499474873,2020-03-11,buy,1.1427
301799,2020-03-16,WE3H0,2,1.1227,1.1225,0.171680179,0.0052,0.005,0.0,-0.491413476,2020-03-12,buy,1.1402
303333,2020-03-17,EU3H0,3,1.10495,1.105,0.162502284,0.006,0.0061,0.0,-0.498601906,2020-03-13,buy,1.1305
306319,2020-03-19,MO4H0,4,1.0719,1.07,0.208192478,0.0098,0.0079,0.0,-0.461313378,2020-03-15,buy,1.1238
307822,2020-03-20,MO4H0,3,1.06915,1.0675,0.174718098,0.0071,0.0055,0.0,-0.454877128,2020-03-16,buy,1.1218
307822,2020-03-20,MO4H0,3,1.06915,1.0675,0.174718098,0.0071,0.0055,0.0,-0.454877128,2020-03-17,buy,1.128
307822,2020-03-20,MO4H0,3,1.06915,1.0675,0.174718098,0.0071,0.0055,0.0,-0.454877128,2020-03-18,buy,1.1121
309441,2020-03-23,WE4H0,2,1.07715,1.0775,0.205918465,0.0056,0.006,0.0,-0.507231277,2020-03-19,buy,1.1002
311145,2020-03-24,EU4H0,3,1.07995,1.08,0.174516872,0.0063,0.0064,0.0,-0.498342356,2020-03-20,buy,1.0826
314422,2020-03-26,MO5H0,4,1.108,1.1075,0.104338811,0.0048,0.0043,0.0,-0.480208772,2020-03-22,buy,1.0767
315993,2020-03-27,MO5H0,3,1.1157,1.115,0.105252591,0.0043,0.0036,0.0,-0.469474495,2020-03-23,buy,1.0801
315993,2020-03-27,MO5H0,3,1.1157,1.115,0.105252591,0.0043,0.0036,0.0,-0.469474495,2020-03-24,buy,1.0896
315993,2020-03-27,MO5H0,3,1.1157,1.115,0.105252591,0.0043,0.0036,0.0,-0.469474495,2020-03-25,buy,1.0895
317585,2020-03-30,WE1J0,2,1.10635,1.1075,0.149698703,0.0038,0.005,0.0,-0.540968491,2020-03-26,buy,1.1
319239,2020-03-31,EUUJ0,3,1.10495,1.105,0.135727949,0.005,0.0051,0.0,-0.499327211,2020-03-27,buy,1.1162
322387,2020-04-02,MO1J0,4,1.0873,1.0875,0.10039411,0.0042,0.0044,0.0,-0.505518066,2020-03-29,buy,1.1216
322387,2020-04-02,MO1J0,4,1.0873,1.0875,0.10039411,0.0042,0.0044,0.0,-0.505518066,2020-03-30,buy,1.1166
322387,2020-04-02,MO1J0,4,1.0873,1.0875,0.10039411,0.0042,0.0044,0.0,-0.505518066,2020-03-31,buy,1.1105
322387,2020-04-02,MO1J0,4,1.0873,1.0875,0.10039411,0.0042,0.0044,0.0,-0.505518066,2020-04-01,buy,1.1098
325377,2020-04-06,WE2J0,2,1.08205,1.0825,0.099398636,0.0026,0.0031,0.0,-0.524582679,2020-04-02,buy,1.1012
326887,2020-04-07,EU2J0,2,1.09275,1.0925,0.114079063,0.0034,0.0032,0.0,-0.486097892,2020-04-03,buy,1.0916
329732,2020-04-09,MO2J0,4,1.09555,1.095,0.046928189,0.0023,0.0018,0.0,-0.455954787,2020-04-05,buy,1.0882
329732,2020-04-09,MO2J0,4,1.09555,1.095,0.046928189,0.0023,0.0018,0.0,-0.455954787,2020-04-06,buy,1.0885
329732,2020-04-09,MO2J0,4,1.09555,1.095,0.046928189,0.0023,0.0018,0.0,-0.455954787,2020-04-07,buy,1.0887
329732,2020-04-09,MO2J0,4,1.09555,1.095,0.046928189,0.0023,0.0018,0.0,-0.455954787,2020-04-08,buy,1.0933
331120,2020-04-13,WE3J0,2,1.09425,1.095,0.106627067,0.0027,0.0035,0.462256295,0.0,2020-04-09,sell,1.0936
332591,2020-04-14,EU3J0,3,1.09995,1.1,0.0957229,0.0035,0.0036,0.499316775,0.0,2020-04-12,sell,1.1005
332591,2020-04-14,EU3J0,3,1.09995,1.1,0.0957229,0.0035,0.0036,0.499316775,0.0,2020-04-13,sell,1.1001
332591,2020-04-14,EU3J0,3,1.09995,1.1,0.0957229,0.0035,0.0036,0.499316775,0.0,2020-04-14,sell,1.1013
332591,2020-04-14,EU3J0,3,1.09995,1.1,0.0957229,0.0035,0.0036,0.499316775,0.0,2020-04-15,sell,1.1042
338230,2020-04-20,WE4J0,2,1.08765,1.0875,0.086923166,0.0026,0.0024,0.510845004,0.0,2020-04-16,sell,1.0938
339670,2020-04-21,EU4J0,3,1.08665,1.0875,0.101958274,0.0033,0.0042,0.465091178,0.0,2020-04-17,sell,1.0929
342473,2020-04-23,MO4J0,4,1.07975,1.08,0.084420203,0.0035,0.0037,0.490469648,0.0,2020-04-19,sell,1.094
342473,2020-04-23,MO4J0,4,1.07975,1.08,0.084420203,0.0035,0.0037,0.490469648,0.0,2020-04-20,sell,1.0925
342473,2020-04-23,MO4J0,4,1.07975,1.08,0.084420203,0.0035,0.0037,0.490469648,0.0,2020-04-21,sell,1.0899
342473,2020-04-23,MO4J0,4,1.07975,1.08,0.084420203,0.0035,0.0037,0.490469648,0.0,2020-04-22,sell,1.0912
345236,2020-04-27,WE5J0,2,1.08435,1.085,0.080646625,0.002,0.0026,0.454740337,0.0,2020-04-23,sell,1.087
346656,2020-04-28,EU1K0,3,1.0847,1.085,0.105945615,0.0037,0.004,0.489150508,0.0,2020-04-24,sell,1.0832
348027,2020-04-29,EU1K0,2,1.08805,1.0875,0.100588804,0.0032,0.0026,0.532228571,0.0,2020-04-26,sell,1.0884
348027,2020-04-29,EU1K0,2,1.08805,1.0875,0.100588804,0.0032,0.0026,0.532228571,0.0,2020-04-27,sell,1.0892
348027,2020-04-29,EU1K0,2,1.08805,1.0875,0.100588804,0.0032,0.0026,0.532228571,0.0,2020-04-28,sell,1.0883
348027,2020-04-29,EU1K0,2,1.08805,1.0875,0.100588804,0.0032,0.0026,0.532228571,0.0,2020-04-29,sell,1.0905
352240,2020-05-04,EUUK0,4,1.0915,1.0925,0.105968386,0.0041,0.0051,0.466907843,0.0,2020-04-30,sell,1.0919
353620,2020-05-05,EUUK0,3,1.086,1.085,0.092293445,0.0039,0.0029,0.54931787,0.0,2020-05-01,sell,1.1002
353620,2020-05-05,EUUK0,3,1.086,1.085,0.092293445,0.0039,0.0029,0.54931787,0.0,2020-05-03,sell,1.1031
357803,2020-05-08,MO2K0,3,1.085,1.085,0.038523358,0.0014,0.0014,0.500622232,0.0,2020-05-04,sell,1.0999
357803,2020-05-08,MO2K0,3,1.085,1.085,0.038523358,0.0014,0.0014,0.500622232,0.0,2020-05-05,sell,1.0959999999999999
357803,2020-05-08,MO2K0,3,1.085,1.085,0.038523358,0.0014,0.0014,0.500622232,0.0,2020-05-06,sell,1.0892
359197,2020-05-11,EU3K0,4,1.08165,1.0825,0.081680425,0.0031,0.0039,0.462306436,0.0,2020-05-07,sell,1.0858
359197,2020-05-11,EU3K0,4,1.08165,1.0825,0.081680425,0.0031,0.0039,0.462306436,0.0,2020-05-08,sell,1.0902
361904,2020-05-13,EU3K0,2,1.0822,1.0825,0.085448345,0.0023,0.0026,0.48104494,0.0,2020-05-10,sell,1.089
361904,2020-05-13,EU3K0,2,1.0822,1.0825,0.085448345,0.0023,0.0026,0.48104494,0.0,2020-05-11,sell,1.0903
361904,2020-05-13,EU3K0,2,1.0822,1.0825,0.085448345,0.0023,0.0026,0.48104494,0.0,2020-05-12,sell,1.0859999999999999
361904,2020-05-13,EU3K0,2,1.0822,1.0825,0.085448345,0.0023,0.0026,0.48104494,0.0,2020-05-13,sell,1.0905
366001,2020-05-18,WE3K0,2,1.092,1.0925,0.084548569,0.0022,0.0027,0.468162191,0.0,2020-05-14,sell,1.0863
367389,2020-05-19,EU4K0,3,1.0952,1.095,0.084435633,0.0032,0.003,0.0,-0.488225891,2020-05-15,buy,1.0859
367389,2020-05-19,EU4K0,3,1.0952,1.095,0.084435633,0.0032,0.003,0.0,-0.488225891,2020-05-17,buy,1.0872
367389,2020-05-19,EU4K0,3,1.0952,1.095,0.084435633,0.0032,0.003,0.0,-0.488225891,2020-05-18,buy,1.0878
367389,2020-05-19,EU4K0,3,1.0952,1.095,0.084435633,0.0032,0.003,0.0,-0.488225891,2020-05-19,buy,1.0963
367389,2020-05-19,EU4K0,3,1.0952,1.095,0.084435633,0.0032,0.003,0.0,-0.488225891,2020-05-20,buy,1.0994
367389,2020-05-19,EU4K0,3,1.0952,1.095,0.084435633,0.0032,0.003,0.0,-0.488225891,2020-05-21,buy,1.1014
372929,2020-05-26,EU5K0,3,1.0998,1.1,0.075461633,0.0027,0.0029,0.0,-0.510198239,2020-05-22,buy,1.0986
375713,2020-05-28,MO1M0,4,1.10925,1.11,0.069291808,0.0027,0.0034,0.0,-0.538178097,2020-05-24,buy,1.095
377078,2020-05-29,MO1M0,3,1.1101,1.11,0.038740814,0.0015,0.0014,0.0,-0.488276236,2020-05-25,buy,1.0942
377078,2020-05-29,MO1M0,3,1.1101,1.11,0.038740814,0.0015,0.0014,0.0,-0.488276236,2020-05-26,buy,1.0971
377078,2020-05-29,MO1M0,3,1.1101,1.11,0.038740814,0.0015,0.0014,0.0,-0.488276236,2020-05-27,buy,1.1013
378574,2020-06-01,EUUM0,4,1.11355,1.1125,0.087890714,0.0044,0.0034,0.0,-0.455007382,2020-05-28,buy,1.1062
379980,2020-06-02,EUUM0,3,1.11745,1.1175,0.099495578,0.0037,0.0038,0.0,-0.500463563,2020-05-29,buy,1.1142
382897,2020-06-04,MO2M0,4,1.1375,1.1375,0.078000544,0.0035,0.0035,0.0,-0.498456939,2020-05-31,buy,1.1166
382897,2020-06-04,MO2M0,4,1.1375,1.1375,0.078000544,0.0035,0.0035,0.0,-0.498456939,2020-06-01,buy,1.1184
382897,2020-06-04,MO2M0,4,1.1375,1.1375,0.078000544,0.0035,0.0035,0.0,-0.498456939,2020-06-02,buy,1.1177
382897,2020-06-04,MO2M0,4,1.1375,1.1375,0.078000544,0.0035,0.0035,0.0,-0.498456939,2020-06-03,buy,1.1258
385733,2020-06-08,WE2M0,2,1.133,1.1325,0.103537051,0.0033,0.0028,0.0,-0.472061412,2020-06-04,buy,1.1268
387230,2020-06-09,EU2M0,3,1.13705,1.1375,0.114714936,0.0042,0.0046,0.0,-0.514493853,2020-06-05,buy,1.1389
390118,2020-06-11,MO3M0,4,1.13245,1.1325,0.089033134,0.004,0.004,0.0,-0.500229973,2020-06-07,buy,1.1344
391532,2020-06-12,MO3M0,3,1.1255,1.125,0.080228116,0.0033,0.0028,0.0,-0.472324901,2020-06-08,buy,1.1339
391532,2020-06-12,MO3M0,3,1.1255,1.125,0.080228116,0.0033,0.0028,0.0,-0.472324901,2020-06-09,buy,1.1336
391532,2020-06-12,MO3M0,3,1.1255,1.125,0.080228116,0.0033,0.0028,0.0,-0.472324901,2020-06-10,buy,1.1394
392952,2020-06-15,WE3M0,2,1.13405,1.135,0.113768962,0.0029,0.0039,0.0,-0.543768562,2020-06-11,buy,1.1406
394415,2020-06-16,EU3M0,3,1.12955,1.13,0.104556316,0.0037,0.0042,0.0,-0.516579669,2020-06-12,buy,1.1343
397249,2020-06-18,MO4M0,4,1.12305,1.1225,0.06873516,0.0033,0.0028,0.0,-0.469693435,2020-06-14,buy,1.1294
397249,2020-06-18,MO4M0,4,1.12305,1.1225,0.06873516,0.0033,0.0028,0.0,-0.469693435,2020-06-15,buy,1.1311
397249,2020-06-18,MO4M0,4,1.12305,1.1225,0.06873516,0.0033,0.0028,0.0,-0.469693435,2020-06-16,buy,1.1387
397249,2020-06-18,MO4M0,4,1.12305,1.1225,0.06873516,0.0033,0.0028,0.0,-0.469693435,2020-06-17,buy,1.1311
399995,2020-06-22,WE4M0,2,1.1282,1.1275,0.091756182,0.0031,0.0024,0.0,-0.457611399,2020-06-18,buy,1.1296
401418,2020-06-23,EU4M0,3,1.1333,1.1325,0.096500336,0.0041,0.0033,0.536358549,0.0,2020-06-19,sell,1.1259
402768,2020-06-24,EU4M0,2,1.128,1.1275,0.099890818,0.0032,0.0027,0.528732858,0.0,2020-06-21,sell,1.1227
405511,2020-06-26,MO5M0,3,1.12465,1.125,0.041035522,0.0014,0.0017,0.464320109,0.0,2020-06-22,sell,1.1237
405511,2020-06-26,MO5M0,3,1.12465,1.125,0.041035522,0.0014,0.0017,0.464320109,0.0,2020-06-23,sell,1.1313
405511,2020-06-26,MO5M0,3,1.12465,1.125,0.041035522,0.0014,0.0017,0.464320109,0.0,2020-06-24,sell,1.1361
406851,2020-06-29,WE1N0,2,1.1254,1.125,0.087218152,0.0028,0.0024,0.525967469,0.0,2020-06-25,sell,1.1286
408244,2020-06-30,EUUN0,2,1.12535,1.125,0.088835429,0.0028,0.0025,0.522455758,0.0,2020-06-26,sell,1.1265
410872,2020-07-02,MO1N0,4,1.12455,1.125,0.044649937,0.0018,0.0022,0.464759939,0.0,2020-06-28,sell,1.1264
410872,2020-07-02,MO1N0,4,1.12455,1.125,0.044649937,0.0018,0.0022,0.464759939,0.0,2020-06-29,sell,1.1282
410872,2020-07-02,MO1N0,4,1.12455,1.125,0.044649937,0.0018,0.0022,0.464759939,0.0,2020-06-30,sell,1.1281
410872,2020-07-02,MO1N0,4,1.12455,1.125,0.044649937,0.0018,0.0022,0.464759939,0.0,2020-07-01,sell,1.1269
412209,2020-07-06,EU2N0,4,1.13335,1.1325,0.079804855,0.004,0.0032,0.539462685,0.0,2020-07-02,sell,1.1304
413456,2020-07-07,EU2N0,3,1.13035,1.13,0.07602738,0.0031,0.0027,0.52060847,0.0,2020-07-03,sell,1.1284
414707,2020-07-08,EU2N0,2,1.1353,1.135,0.081504409,0.0026,0.0023,0.520803327,0.0,2020-07-05,sell,1.1288
414707,2020-07-08,EU2N0,2,1.1353,1.135,0.081504409,0.0026,0.0023,0.520803327,0.0,2020-07-06,sell,1.1325
414707,2020-07-08,EU2N0,2,1.1353,1.135,0.081504409,0.0026,0.0023,0.520803327,0.0,2020-07-07,sell,1.135
414707,2020-07-08,EU2N0,2,1.1353,1.135,0.081504409,0.0026,0.0023,0.520803327,0.0,2020-07-08,sell,1.1319
418541,2020-07-13,WE3N0,2,1.137,1.1375,0.081894707,0.0025,0.0,0.469006586,0.0,2020-07-09,sell,1.1402
419834,2020-07-14,EU3N0,3,1.141,1.14,0.091924632,0.004,0.003,0.547651909,0.0,2020-07-10,sell,1.1313
422473,2020-07-16,MO3N0,4,1.13925,1.14,0.081629026,0.0033,0.0041,0.469061349,0.0,2020-07-12,sell,1.1343
423781,2020-07-17,MO3N0,3,1.1452,1.145,0.096787273,0.0038,0.0036,0.51027544,0.0,2020-07-13,sell,1.1367
423781,2020-07-17,MO3N0,3,1.1452,1.145,0.096787273,0.0038,0.0036,0.51027544,0.0,2020-07-14,sell,1.1382
423781,2020-07-17,MO3N0,3,1.1452,1.145,0.096787273,0.0038,0.0036,0.51027544,0.0,2020-07-15,sell,1.1436
425088,2020-07-20,WE4N0,2,1.14555,1.145,0.087220779,0.0029,0.0024,0.534720813,0.0,2020-07-16,sell,1.1443
426449,2020-07-21,EU4N0,3,1.15445,1.155,0.088070395,0.0031,0.0037,0.475449869,0.0,2020-07-17,sell,1.143
429161,2020-07-23,MO4N0,4,1.1622,1.1625,0.063959887,0.0028,0.0031,0.484945246,0.0,2020-07-19,sell,1.1459
430519,2020-07-24,MO4N0,3,1.165,1.165,0.048344276,0.0019,0.0019,0.500801025,0.0,2020-07-20,sell,1.1456
430519,2020-07-24,MO4N0,3,1.165,1.165,0.048344276,0.0019,0.0019,0.500801025,0.0,2020-07-21,sell,1.1483
430519,2020-07-24,MO4N0,3,1.165,1.165,0.048344276,0.0019,0.0019,0.500801025,0.0,2020-07-22,sell,1.1578
431908,2020-07-27,WE5N0,2,1.17635,1.1775,0.125107675,0.0033,0.0045,0.453768067,0.0,2020-07-23,sell,1.1614
433344,2020-07-28,EU5N0,3,1.1736,1.1725,0.109825464,0.0049,0.0038,0.0,-0.457430478,2020-07-24,buy,1.165
436287,2020-07-30,MO1Q0,4,1.18475,1.185,0.080404127,0.0036,0.0039,0.0,-0.509125785,2020-07-26,buy,1.1683
437708,2020-07-31,MO1Q0,3,1.17995,1.18,0.065980013,0.0026,0.0026,0.0,-0.501994118,2020-07-27,buy,1.1748
437708,2020-07-31,MO1Q0,3,1.17995,1.18,0.065980013,0.0026,0.0026,0.0,-0.501994118,2020-07-28,buy,1.176
437708,2020-07-31,MO1Q0,3,1.17995,1.18,0.065980013,0.0026,0.0026,0.0,-0.501994118,2020-07-29,buy,1.1764
439169,2020-08-03,WE1Q0,2,1.17705,1.1775,0.100947328,0.0029,0.0034,0.0,-0.521794731,2020-07-30,buy,1.1812
440701,2020-08-04,EUUQ0,3,1.1792,1.18,0.108989135,0.0039,0.0047,0.0,-0.528181141,2020-07-31,buy,1.1926
443611,2020-08-06,MO2Q0,4,1.1884,1.1875,0.083496018,0.0044,0.0035,0.0,-0.461725841,2020-08-02,buy,1.1811
443611,2020-08-06,MO2Q0,4,1.1884,1.1875,0.083496018,0.0044,0.0035,0.0,-0.461725841,2020-08-03,buy,1.1808
443611,2020-08-06,MO2Q0,4,1.1884,1.1875,0.083496018,0.0044,0.0035,0.0,-0.461725841,2020-08-04,buy,1.1802
443611,2020-08-06,MO2Q0,4,1.1884,1.1875,0.083496018,0.0044,0.0035,0.0,-0.461725841,2020-08-05,buy,1.1849
446367,2020-08-10,WE2Q0,2,1.17525,1.175,0.085164948,0.0028,0.0025,0.0,-0.483626081,2020-08-06,buy,1.1907
447803,2020-08-11,EU2Q0,3,1.1754,1.175,0.090773768,0.0038,0.0034,0.0,-0.48060211,2020-08-07,buy,1.186
450589,2020-08-13,MO3Q0,4,1.18065,1.18,0.070288917,0.0036,0.003,0.0,-0.466994696,2020-08-09,buy,1.182
451936,2020-08-14,MO3Q0,3,1.1845,1.185,0.046532005,0.0016,0.0021,0.0,-0.542855224,2020-08-10,buy,1.1828
451936,2020-08-14,MO3Q0,3,1.1845,1.185,0.046532005,0.0016,0.0021,0.0,-0.542855224,2020-08-11,buy,1.178
451936,2020-08-14,MO3Q0,3,1.1845,1.185,0.046532005,0.0016,0.0021,0.0,-0.542855224,2020-08-12,buy,1.1751
453277,2020-08-17,WE3Q0,2,1.18725,1.1875,0.085556398,0.0025,0.0028,0.0,-0.514215662,2020-08-13,buy,1.1841
454668,2020-08-18,EU3Q0,3,1.1945,1.195,0.098033498,0.0037,0.0042,0.0,-0.518717927,2020-08-14,buy,1.1841
457403,2020-08-20,MO4Q0,4,1.1858,1.185,0.067736597,0.0036,0.0028,0.0,-0.45846328,2020-08-16,buy,1.1876
457403,2020-08-20,MO4Q0,4,1.1858,1.185,0.067736597,0.0036,0.0028,0.0,-0.45846328,2020-08-17,buy,1.1891
457403,2020-08-20,MO4Q0,4,1.1858,1.185,0.067736597,0.0036,0.0028,0.0,-0.45846328,2020-08-18,buy,1.1918
457403,2020-08-20,MO4Q0,4,1.1858,1.185,0.067736597,0.0036,0.0028,0.0,-0.45846328,2020-08-19,buy,1.1961
460119,2020-08-24,WE4Q0,2,1.17975,1.18,0.088065411,0.0026,0.0029,0.0,-0.513548493,2020-08-20,buy,1.1878
461538,2020-08-25,EU4Q0,3,1.1838,1.185,0.10314841,0.0035,0.0047,0.0,-0.545648387,2020-08-21,buy,1.1902
464304,2020-08-27,MO5Q0,4,1.1828,1.1825,0.061186253,0.003,0.0027,0.0,-0.481890562,2020-08-23,buy,1.1823
465657,2020-08-28,MO5Q0,3,1.18945,1.19,0.053325604,0.0019,0.0024,0.0,-0.540311366,2020-08-24,buy,1.1817
465657,2020-08-28,MO5Q0,3,1.18945,1.19,0.053325604,0.0019,0.0024,0.0,-0.540311366,2020-08-25,buy,1.1835
465657,2020-08-28,MO5Q0,3,1.18945,1.19,0.053325604,0.0019,0.0024,0.0,-0.540311366,2020-08-26,buy,1.1848
467105,2020-08-31,EUUU0,4,1.19395,1.195,0.099550201,0.0042,0.0052,0.0,-0.533973117,2020-08-27,buy,1.1861
468457,2020-09-01,EUUU0,3,1.1913,1.1925,0.098854638,0.0034,0.0046,0.0,-0.546780454,2020-08-28,buy,1.1887
469803,2020-09-02,EUUU0,2,1.1828,1.1825,0.105451611,0.0034,0.0031,0.0,-0.483678155,2020-08-30,buy,1.1934
469803,2020-09-02,EUUU0,2,1.1828,1.1825,0.105451611,0.0034,0.0031,0.0,-0.483678155,2020-08-31,buy,1.1938
469803,2020-09-02,EUUU0,2,1.1828,1.1825,0.105451611,0.0034,0.0031,0.0,-0.483678155,2020-09-01,buy,1.2017
469803,2020-09-02,EUUU0,2,1.1828,1.1825,0.105451611,0.0034,0.0031,0.0,-0.483678155,2020-09-02,buy,1.193
469803,2020-09-02,EUUU0,2,1.1828,1.1825,0.105451611,0.0034,0.0031,0.0,-0.483678155,2020-09-03,buy,1.1847
473825,2020-09-08,EU2U0,3,1.18065,1.18,0.106422008,0.0045,0.0039,0.0,-0.473336783,2020-09-04,buy,1.1871
476475,2020-09-10,MO2U0,4,1.185,1.185,0.066432017,0.0031,0.0031,0.0,-0.498689079,2020-09-06,buy,1.1866
476475,2020-09-10,MO2U0,4,1.185,1.185,0.066432017,0.0031,0.0031,0.0,-0.498689079,2020-09-07,buy,1.1862
476475,2020-09-10,MO2U0,4,1.185,1.185,0.066432017,0.0031,0.0031,0.0,-0.498689079,2020-09-08,buy,1.1834
476475,2020-09-10,MO2U0,4,1.185,1.185,0.066432017,0.0031,0.0031,0.0,-0.498689079,2020-09-09,buy,1.1804
479122,2020-09-14,EU3U0,4,1.1889,1.19,0.085566091,0.0035,0.0046,0.0,-0.54201935,2020-09-10,buy,1.1846
480415,2020-09-15,EU3U0,3,1.18765,1.1875,0.098013321,0.004,0.0038,0.0,-0.492164918,2020-09-11,buy,1.1859
481706,2020-09-16,EU3U0,2,1.1821,1.1825,0.090835697,0.0026,0.003,0.0,-0.522016091,2020-09-13,buy,1.1864
484336,2020-09-18,MO3U0,3,1.1874,1.1875,0.038733821,0.0015,0.0016,0.0,-0.509708845,2020-09-14,buy,1.1871
484336,2020-09-18,MO3U0,3,1.1874,1.1875,0.038733821,0.0015,0.0016,0.0,-0.509708845,2020-09-15,buy,1.1912
484336,2020-09-18,MO3U0,3,1.1874,1.1875,0.038733821,0.0015,0.0016,0.0,-0.509708845,2020-09-16,buy,1.187
485623,2020-09-21,WE4U0,2,1.17755,1.1775,0.085135218,0.0027,0.0026,0.0,-0.495841761,2020-09-17,buy,1.1775
486951,2020-09-22,EU4U0,3,1.1726,1.1725,0.084884281,0.0034,0.0033,0.0,-0.49377681,2020-09-18,buy,1.1872
488249,2020-09-23,EU4U0,2,1.16775,1.1675,0.090733989,0.0029,0.0027,0.0,-0.484403649,2020-09-20,buy,1.1866
488249,2020-09-23,EU4U0,2,1.16775,1.1675,0.090733989,0.0029,0.0027,0.0,-0.484403649,2020-09-21,buy,1.1889
488249,2020-09-23,EU4U0,2,1.16775,1.1675,0.090733989,0.0029,0.0027,0.0,-0.484403649,2020-09-22,buy,1.1788
488249,2020-09-23,EU4U0,2,1.16775,1.1675,0.090733989,0.0029,0.0027,0.0,-0.484403649,2020-09-23,buy,1.1701
492341,2020-09-28,EU1V0,4,1.1683,1.1675,0.077467133,0.004,0.0032,0.0,-0.462814553,2020-09-24,buy,1.1675
493791,2020-09-29,EU1V0,3,1.1756,1.175,0.08989576,0.0038,0.0032,0.0,-0.470894746,2020-09-25,buy,1.1684
493791,2020-09-29,EU1V0,3,1.1756,1.175,0.08989576,0.0038,0.0032,0.0,-0.470894746,2020-09-27,buy,1.1644
493791,2020-09-29,EU1V0,3,1.1756,1.175,0.08989576,0.0038,0.0032,0.0,-0.470894746,2020-09-28,buy,1.1655
493791,2020-09-29,EU1V0,3,1.1756,1.175,0.08989576,0.0038,0.0032,0.0,-0.470894746,2020-09-29,buy,1.1694
493791,2020-09-29,EU1V0,3,1.1756,1.175,0.08989576,0.0038,0.0032,0.0,-0.470894746,2020-09-30,buy,1.1748
499644,2020-10-05,WE1V0,2,1.17925,1.18,0.081881461,0.0021,0.0029,0.0,-0.547866382,2020-10-01,buy,1.1759
501129,2020-10-06,EUUV0,3,1.17695,1.1775,0.083146841,0.003,0.0035,0.474034892,0.0,2020-10-02,sell,1.1733
503920,2020-10-08,MO2V0,4,1.1773,1.1775,0.042804627,0.0019,0.0021,0.484808253,0.0,2020-10-04,sell,1.1733
503920,2020-10-08,MO2V0,4,1.1773,1.1775,0.042804627,0.0019,0.0021,0.484808253,0.0,2020-10-05,sell,1.1745
503920,2020-10-08,MO2V0,4,1.1773,1.1775,0.042804627,0.0019,0.0021,0.484808253,0.0,2020-10-06,sell,1.1809
503920,2020-10-08,MO2V0,4,1.1773,1.1775,0.042804627,0.0019,0.0021,0.484808253,0.0,2020-10-07,sell,1.1745
506476,2020-10-12,WE2V0,2,1.1825,1.1825,0.063837237,0.002,0.002,0.50083184,0.0,2020-10-08,sell,1.1785
506476,2020-10-12,WE2V0,2,1.1825,1.1825,0.063837237,0.002,0.002,0.50083184,0.0,2020-10-09,sell,1.1793
506476,2020-10-12,WE2V0,2,1.1825,1.1825,0.063837237,0.002,0.002,0.50083184,0.0,2020-10-11,sell,1.183
506476,2020-10-12,WE2V0,2,1.1825,1.1825,0.063837237,0.002,0.002,0.50083184,0.0,2020-10-12,sell,1.1832
506476,2020-10-12,WE2V0,2,1.1825,1.1825,0.063837237,0.002,0.002,0.50083184,0.0,2020-10-13,sell,1.1809
506476,2020-10-12,WE2V0,2,1.1825,1.1825,0.063837237,0.002,0.002,0.50083184,0.0,2020-10-14,sell,1.176
513150,2020-10-19,WE3V0,2,1.17815,1.1775,0.071722777,0.0026,0.0019,0.547682935,0.0,2020-10-15,sell,1.1764
513150,2020-10-19,WE3V0,2,1.17815,1.1775,0.071722777,0.0026,0.0019,0.547682935,0.0,2020-10-16,sell,1.1717
517200,2020-10-22,MO4V0,4,1.1831,1.1825,0.050913041,0.0027,0.0021,0.541110451,0.0,2020-10-18,sell,1.1734
518528,2020-10-23,MO4V0,3,1.18715,1.1875,0.036064453,0.0013,0.0016,0.461778926,0.0,2020-10-19,sell,1.172
518528,2020-10-23,MO4V0,3,1.18715,1.1875,0.036064453,0.0013,0.0016,0.461778926,0.0,2020-10-20,sell,1.1789
518528,2020-10-23,MO4V0,3,1.18715,1.1875,0.036064453,0.0013,0.0016,0.461778926,0.0,2020-10-21,sell,1.186
519866,2020-10-26,WE4V0,2,1.1826,1.1825,0.080376449,0.0025,0.0024,0.507637634,0.0,2020-10-22,sell,1.1855
521245,2020-10-27,EU5V0,3,1.1825,1.1825,0.089399187,0.0035,0.0035,0.501455276,0.0,2020-10-23,sell,1.1812
523941,2020-10-29,MO1X0,4,1.1682,1.1675,0.058725429,0.0031,0.0024,0.542119169,0.0,2020-10-25,sell,1.187
523941,2020-10-29,MO1X0,4,1.1682,1.1675,0.058725429,0.0031,0.0024,0.542119169,0.0,2020-10-26,sell,1.1846
523941,2020-10-29,MO1X0,4,1.1682,1.1675,0.058725429,0.0031,0.0024,0.542119169,0.0,2020-10-27,sell,1.1833
523941,2020-10-29,MO1X0,4,1.1682,1.1675,0.058725429,0.0031,0.0024,0.542119169,0.0,2020-10-28,sell,1.1788
526632,2020-11-02,WE1X0,2,1.1642,1.165,0.170764121,0.0047,0.0055,0.476695525,0.0,2020-10-29,sell,1.1765
528078,2020-11-03,EUUX0,3,1.17165,1.17,0.16754941,0.0074,0.0057,0.543629885,0.0,2020-10-30,sell,1.1702
