,Call,Call Delta,Days,Prediciton Date,Predictions,Price,Put,Put Delta,SL,Strike,Symbol,TP,Vol,close,high,low,open,p_ap_op,p_c_op,pips,result,volume
2018-11-05,0.004,0.525350898,2.0,2018-11-05,sell,1.14555,0.0034,0.0,1.1925,1.145,WE1X8,1.1905,0.114911224,1.1929,1.1955,1.1883,1.1915,1.1915,1.1929,-0.0009999999999998899,SL,2296.0
2018-11-06,0.0048,0.497066157,3.0,2018-11-06,sell,1.14485,0.0049,0.0,1.1941,1.145,EUUX8,1.1921,0.121055893,1.1987,1.2002,1.1922,1.1931,1.1931,1.1987,-0.0009999999999998899,SL,4050.0
2018-11-07,0.0027,0.452850307,2.0,2018-11-07,sell,1.14905,0.0036,0.0,1.1997,1.15,EUUX8,1.1977,0.096688149,1.195,1.2036,1.1949,1.1987,1.1987,1.195,0.001000000000000112,TP,3866.0
2018-11-13,0.0044,0.494785575,3.0,2018-11-13,sell,1.1298,0.0046,0.0,1.1777,1.13,EU3X8,1.1757,0.113614087,1.181,1.1845,1.1746,1.1767,1.1767,1.181,-0.0009999999999998899,SL,4679.0
2018-11-20,0.003,0.457247465,3.0,2018-11-20,sell,1.13905,0.0039,0.0,1.1972,1.14,EU4X8,1.1952,0.087397265,1.1893,1.1989,1.1875,1.1962,1.1962,1.1893,-0.001000000000000112,SL,3649.0
2018-11-26,0.0024,0.482223286,2.0,2018-11-26,sell,1.1347,0.0027,0.0,1.1868,1.135,WE4X8,1.1848,0.079771297,1.1849,1.1896,1.1836,1.1858,1.1858,1.1849,-0.001000000000000112,SL,2340.0
2018-11-28,0.0026,0.458398988,2.0,2018-11-28,sell,1.1392,0.0034,0.0,1.1817,1.14,EU5X8,1.1797,0.093286252,1.1894,1.1899,1.1779,1.1807,1.1807,1.1894,0.001000000000000112,TP,5122.0
2018-12-03,0.0026,0.531005126,2.0,2018-12-03,sell,1.13545,0.0022,0.0,1.1866,1.135,WE1Z8,1.1846,0.074928102,1.1884,1.1887,1.1825,1.1856,1.1856,1.1884,-0.001000000000000112,SL,2796.0
2018-12-04,0.0038,0.514621514,3.0,2018-12-04,sell,1.1353,0.0035,0.0,1.1891,1.135,EUUZ8,1.1871,0.091710196,1.1829,1.1925,1.1824,1.1881,1.1881,1.1829,-0.001000000000000112,SL,3878.0
2018-12-05,0.0029,0.506796431,2.0,2018-12-05,sell,1.1351,0.0028,0.0,1.1842,1.135,EUUZ8,1.1822,0.089435443,1.1849,1.1866,1.1815,1.1832,1.1832,1.1849,0.001000000000000112,TP,2675.0
2018-12-10,0.0033,0.516538286,2.0,2018-12-10,sell,1.1453,0.003,0.0,1.1939,1.145,WE2Z8,1.1919,0.097680343,1.1868,1.194,1.1851,1.1929,1.1929,1.1868,-0.0009999999999998899,SL,2575.0
2018-12-17,0.0031,0.46480071,2.0,2018-12-17,sell,1.1442,0.0039,0.0,1.1811,1.145,WE3Z8,1.1791,0.108219081,1.1840000000000002,1.1851,1.1798,1.1801,1.1801,1.1840000000000002,-0.001000000000000112,SL,2400.0
2018-12-18,0.0046,0.488675634,3.0,2018-12-18,sell,1.1446,0.005,0.0,1.1847,1.145,EU3Z8,1.1827,0.119526207,1.1871,1.1892,1.1828,1.1837,1.1837,1.1871,-0.001000000000000112,SL,3116.0
2018-12-24,0.0032,0.467619546,4.0,2018-12-24,sell,1.14925,0.0039,0.0,1.1882,1.15,EU4Z8,1.1862,0.075448954,1.19,1.192,1.1856,1.1872,1.1872,1.19,0.001000000000000112,TP,1677.0
2019-01-07,0.0026,0.476230951,2.0,2019-01-07,sell,1.15465,0.003,0.0,1.1897,1.155,WE2F9,1.1877,0.086309813,1.1906,1.1951,1.1878,1.1887,1.1887,1.1906,-0.0009999999999998899,SL,3033.0
2019-01-08,0.0038,0.539018071,3.0,2019-01-08,sell,1.1508,0.003,0.0,1.1916,1.15,EU2F9,1.1896,0.083981315,1.1925,1.1936,1.1888,1.1906,1.1906,1.1925,-0.0009999999999998899,SL,3022.0
2019-01-09,0.0038,0.0,2.0,2019-01-09,buy,1.16095,0.0029,-0.452953022,1.1936,1.16,EU2F9,1.1916,0.105426973,1.2022,1.2032,1.1903,1.1926,1.1926,1.2022,-0.001000000000000112,TP,6185.0
2019-01-15,0.0044,0.0,3.0,2019-01-15,buy,1.14605,0.0034,-0.455076683,1.193,1.145,EU3F9,1.195,0.096861983,1.1867,1.1944,1.1842,1.194,1.194,1.1867,-0.0009999999999998899,SL,5217.0
2019-01-16,0.0028,0.0,2.0,2019-01-16,buy,1.14565,0.0022,-0.457140976,1.186,1.145,EU3F9,1.188,0.077115112,1.1838,1.1883,1.1837,1.187,1.187,1.1838,-0.001000000000000112,SL,3410.0
2019-02-05,0.0025,0.0,3.0,2019-02-05,buy,1.14485,0.0027,-0.507984294,1.1862,1.145,EUUG9,1.1882,0.06495935,1.1838,1.1875,1.1834,1.1872,1.1872,1.1838,-0.001000000000000112,SL,3141.0
2019-02-06,0.0023,0.0,2.0,2019-02-06,buy,1.1402,0.0021,-0.484423773,1.1829,1.14,EUUG9,1.1849,0.068776567,1.1797,1.1840000000000002,1.1791,1.1839,1.1839,1.1797,-0.0009999999999998899,SL,2824.0
2019-02-11,0.0038,0.0,4.0,2019-02-11,buy,1.13085,0.003,-0.458360355,1.1742,1.13,EU3G9,1.1762,0.073584166,1.1708,1.1762,1.17,1.1752,1.1752,1.1708,0.0009999999999998899,TP,3394.0
2019-02-13,0.0026,0.507329663,2.0,2019-02-13,sell,1.1301,0.0025,0.0,1.1756,1.13,EU3G9,1.1776,0.080186316,1.1706,1.177,1.1683,1.1766,1.1766,1.1706,-0.0009999999999998899,TP,4412.0
2019-03-04,0.0033,0.472589601,4.0,2019-03-04,sell,1.13435,0.0039,0.0,1.1787,1.135,EUUH9,1.1767,0.077747011,1.1743,1.1782,1.1722,1.1777,1.1777,1.1743,0.0009999999999998899,TP,3027.0
2019-03-25,0.0028,0.461241134,4.0,2019-03-25,sell,1.1392,0.0036,0.0,1.1702,1.14,EU5H9,1.1682,0.068533783,1.171,1.1726,1.1689,1.1692,1.1692,1.171,-0.0009999999999998899,SL,4177.0
2019-03-26,0.0031,0.548590722,3.0,2019-03-26,sell,1.1358,0.0023,0.0,1.1721,1.135,EU5H9,1.1701,0.06744482,1.1646,1.172,1.1643,1.1711,1.1711,1.1646,0.001000000000000112,TP,4821.0
2019-03-27,0.0022,0.453741047,2.0,2019-03-27,sell,1.13425,0.0029,0.0,1.1656,1.135,EU5H9,1.1636,0.079637093,1.1643,1.1678,1.1632,1.1646,1.1646,1.1643,-0.0009999999999998899,SL,6489.0
2019-04-02,0.0021,0.464242558,3.0,2019-04-02,sell,1.12695,0.0027,0.0,1.1597,1.1275,EUUJ9,1.1577,0.060550914,1.1608,1.161,1.1568,1.1587,1.1587,1.1608,-0.0009999999999998899,SL,4351.0
2019-04-08,0.0027,0.523031999,2.0,2019-04-08,sell,1.13285,0.0024,0.0,1.1619,1.1325,WE2J9,1.1599,0.079949923,1.1647,1.1656,1.1601,1.1609,1.1609,1.1647,-0.0009999999999998899,SL,2964.0
2019-04-09,0.0034,0.540592763,3.0,2019-04-09,sell,1.13325,0.0027,0.0,1.1657,1.1325,EU2J9,1.1637,0.076491565,1.1640000000000001,1.1664,1.1635,1.1647,1.1647,1.1640000000000001,0.001000000000000112,TP,3589.0
2019-04-16,0.0018,0.476134113,2.0,2019-04-16,sell,1.1347,0.0021,0.0,1.1687,1.135,EU3J9,1.1667,0.062472406,1.1671,1.1688,1.1648,1.1677,1.1677,1.1671,-0.001000000000000112,SL,4874.0
2019-04-23,0.0019,0.450986799,3.0,2019-04-23,sell,1.1268,0.0026,0.0,1.163,1.1275,EU4J9,1.161,0.056556706,1.1577,1.1628,1.1559,1.162,1.162,1.1577,0.0009999999999998899,TP,4181.0
2019-04-24,0.0024,0.460262749,2.0,2019-04-24,sell,1.1193,0.0031,0.0,1.1588,1.12,EU4J9,1.1568,0.087205582,1.1518,1.1588,1.1506,1.1578,1.1578,1.1518,0.0009999999999998899,TP,5276.0
2019-04-29,0.0027,0.0,2.0,2019-04-29,buy,1.1229,0.0023,-0.473183918,1.1527,1.1225,WE1K9,1.1507,0.07932846,1.1546,1.1551,1.1506,1.1517,1.1517,1.1546,-0.0009999999999998899,TP,3699.0
2019-04-30,0.0026,0.0,3.0,2019-04-30,buy,1.12665,0.0034,-0.543992244,1.1536,1.1275,EUUK9,1.1556,0.075463729,1.1578,1.1589,1.1535,1.1546,1.1546,1.1578,-0.001000000000000112,SL,5266.0
2019-05-06,0.0026,0.0,4.0,2019-05-06,buy,1.12435,0.0033,-0.533797756,1.1537,1.125,EU2K9,1.1557,0.064077312,1.156,1.1563,1.1533,1.1547,1.1547,1.156,-0.001000000000000112,SL,4452.0
2019-05-07,0.0025,0.0,3.0,2019-05-07,buy,1.122,0.003,-0.527766682,1.155,1.1225,EU2K9,1.157,0.069790199,1.1555,1.1571,1.1519,1.156,1.156,1.1555,0.001000000000000112,TP,6206.0
2019-05-08,0.0024,0.0,2.0,2019-05-08,buy,1.1229,0.002,-0.469861084,1.1545,1.1225,EU2K9,1.1565,0.069406855,1.1539,1.1565,1.1534,1.1555,1.1555,1.1539,0.001000000000000112,TP,4812.0
2019-05-20,0.0022,0.0,4.0,2019-05-20,buy,1.11935,0.0028,-0.54043237,1.1484,1.12,EU4K9,1.1504,0.054571391,1.1502,1.1515,1.1491,1.1494,1.1494,1.1502,0.001000000000000112,TP,3363.0
2019-05-29,0.0018,0.0,2.0,2019-05-29,buy,1.1151,0.0017,-0.489991863,1.1487,1.115,EU5K9,1.1507,0.055786632,1.1467,1.1501,1.1456,1.1497,1.1497,1.1467,-0.0009999999999998899,SL,3247.0
2019-06-03,0.0023,0.475354219,2.0,2019-06-03,sell,1.1271,0.0027,0.0,1.1502,1.1275,WE1M9,1.1522,0.078653506,1.1579,1.1589,1.1488,1.1512,1.1512,1.1579,-0.0009999999999998899,TP,3541.0
2019-06-04,0.0035,0.484218485,3.0,2019-06-04,sell,1.1271,0.0039,0.0,1.159,1.1275,EUUM9,1.157,0.093870229,1.1587,1.1603,1.1552,1.158,1.158,1.1587,-0.001000000000000112,SL,4110.0
2019-06-10,0.002,0.536453341,2.0,2019-06-10,sell,1.1404,0.0016,0.0,1.1642,1.14,WE2M9,1.1622,0.059413725,1.1634,1.1645,1.161,1.1632,1.1632,1.1634,0.001000000000000112,TP,2547.0
2019-06-11,0.002,0.465268439,3.0,2019-06-11,sell,1.142,0.0025,0.0,1.1644,1.1425,EU2M9,1.1624,0.058240819,1.1652,1.1657,1.1621,1.1634,1.1634,1.1652,-0.001000000000000112,SL,3176.0
2019-06-12,0.0017,0.47837177,2.0,2019-06-12,sell,1.13725,0.0019,0.0,1.1661,1.1375,EU2M9,1.1641,0.059970053,1.1607,1.1662,1.1602,1.1651,1.1651,1.1607,-0.0009999999999998899,SL,564.0
2019-06-17,0.0019,0.492540071,2.0,2019-06-17,sell,1.1299,0.002,0.0,1.1543,1.13,WE3M9,1.1523,0.065523542,1.1543,1.1563,1.1518,1.1533,1.1533,1.1543,0.0009999999999998899,TP,3217.0
2019-06-18,0.0034,0.501418791,3.0,2019-06-18,sell,1.1275,0.0034,0.0,1.1553,1.1275,EU3M9,1.1533,0.089694304,1.1504,1.1555,1.1493,1.1543,1.1543,1.1504,-0.0009999999999998899,SL,9853.0
2019-06-19,0.0024,0.51121853,2.0,2019-06-19,sell,1.13265,0.0023,0.0,1.1515,1.1325,EU3M9,1.1495,0.07829458,1.158,1.1581,1.1498,1.1505,1.1505,1.158,-0.0009999999999998899,SL,9015.0
2019-06-24,0.0022,0.510085814,2.0,2019-06-24,sell,1.1476,0.0021,0.0,1.1698,1.1475,WE4M9,1.1678,0.070760548,1.1713,1.1716,1.1679,1.1688,1.1688,1.1713,-0.0009999999999998899,SL,4707.0
2019-06-25,0.0025,0.488723421,3.0,2019-06-25,sell,1.1448,0.0027,0.0,1.1723,1.145,EU4M9,1.1703,0.067508938,1.1661,1.1718,1.165,1.1713,1.1713,1.1661,0.001000000000000112,TP,10281.0
2019-06-26,0.0019,0.450649932,2.0,2019-06-26,sell,1.1443,0.0026,0.0,1.1672,1.145,EU4M9,1.1652,0.073761638,1.1662,1.1698,1.1654,1.1662,1.1662,1.1662,-0.001000000000000112,SL,7163.0
2019-07-01,0.0019,0.532981289,2.0,2019-07-01,sell,1.13535,0.0016,0.0,1.1663,1.135,WE1N9,1.1643,0.05834778,1.1579,1.1659,1.1575,1.1653,1.1653,1.1579,0.001000000000000112,TP,6947.0
2019-07-03,0.0017,0.478363407,2.0,2019-07-03,sell,1.13475,0.0019,0.0,1.1596,1.135,EUUN9,1.1576,0.060143406,1.1578,1.1611,1.1567,1.1586,1.1586,1.1578,0.001000000000000112,TP,5445.0
2019-07-08,0.0014,0.0,2.0,2019-07-08,buy,1.1276,0.0013,-0.484598679,1.1532,1.1275,WE2N9,1.1512,0.045201319,1.1507,1.1529,1.1502,1.1522,1.1522,1.1507,-0.0009999999999998899,TP,2229.0
2019-07-09,0.002,0.0,3.0,2019-07-09,buy,1.127,0.0025,-0.534643199,1.1495,1.1275,EU2N9,1.1515,0.059181245,1.15,1.1512,1.1487,1.1505,1.1505,1.15,-0.001000000000000112,SL,2293.0
2019-07-17,0.0014,0.0,2.0,2019-07-17,buy,1.1277,0.0012,-0.474628182,1.149,1.1275,EU3N9,1.151,0.043656106,1.1524,1.1524,1.1486,1.15,1.15,1.1524,-0.0009999999999998899,SL,2522.0
2019-07-23,0.0034,0.0,3.0,2019-07-23,buy,1.1199,0.0035,-0.503013212,1.1466,1.12,EU4N9,1.1486,0.086043878,1.1423,1.1477,1.1420000000000001,1.1476,1.1476,1.1423,-0.0009999999999998899,SL,2999.0
2019-07-24,0.0038,0.0,2.0,2019-07-24,buy,1.11835,0.0029,-0.457626375,1.1413,1.1175,EU4N9,1.1433,0.112788321,1.1413,1.1437,1.1405,1.1423,1.1423,1.1413,0.0009999999999998899,TP,3236.0
2019-07-29,0.003,0.0,4.0,2019-07-29,buy,1.119,0.004,-0.544160219,1.1393,1.12,EU1Q9,1.1413,0.078350671,1.1417,1.1425,1.1387,1.1403,1.1403,1.1417,-0.001000000000000112,SL,2159.0
2019-07-30,0.0031,0.0,3.0,2019-07-30,buy,1.1199,0.0032,-0.503601219,1.1406,1.12,EU1Q9,1.1426,0.083407917,1.1428,1.1437,1.1406,1.1416,1.1416,1.1428,-0.0009999999999998899,SL,2347.0
2019-07-31,0.0028,0.0,2.0,2019-07-31,buy,1.11275,0.0025,-0.483598658,1.1417,1.1125,EU1Q9,1.1437,0.090396695,1.1316,1.1435,1.1304,1.1427,1.1427,1.1316,-0.001000000000000112,SL,5602.0
2019-08-05,0.003,0.0,4.0,2019-08-05,buy,1.1239,0.0041,-0.548006444,1.1382,1.125,EUUQ9,1.1402,0.079035424,1.148,1.1517,1.1383,1.1392,1.1392,1.148,0.001000000000000112,TP,5547.0
2019-08-07,0.0022,0.0,2.0,2019-08-07,buy,1.1249,0.0023,-0.506101287,1.147,1.125,EUUQ9,1.149,0.075517104,1.1474,1.1508,1.1445,1.148,1.148,1.1474,-0.0009999999999998899,SL,6921.0
2019-08-12,0.0023,0.511873607,2.0,2019-08-12,sell,1.12515,0.0021,0.0,1.1458,1.125,WE2Q9,1.1478,0.073906823,1.145,1.1493,1.1424,1.1468,1.1468,1.145,-0.0009999999999998899,TP,3270.0
2019-08-13,0.0026,0.53105351,3.0,2019-08-13,sell,1.12045,0.0022,0.0,1.146,1.12,EU3Q9,1.144,0.06359041,1.1432,1.149,1.1427,1.145,1.145,1.1432,-0.0009999999999998899,SL,4091.0
2019-08-19,0.0028,0.539415527,4.0,2019-08-19,sell,1.1106,0.0022,0.0,1.1357,1.11,EU4Q9,1.1337,0.056508565,1.1342,1.137,1.1332,1.1347,1.1347,1.1342,-0.0009999999999998899,SL,2329.0
2019-08-20,0.0018,0.457795409,3.0,2019-08-20,sell,1.11195,0.0023,0.0,1.1352,1.1125,EU4Q9,1.1332,0.054514329,1.1349,1.1361,1.1320000000000001,1.1342,1.1342,1.1349,0.001000000000000112,TP,2822.0
2019-08-28,0.0013,0.452419092,2.0,2019-08-28,sell,1.10955,0.0017,0.0,1.1344,1.11,EU5Q9,1.1324,0.050688869,1.1327,1.1346,1.1321,1.1334,1.1334,1.1327,-0.001000000000000112,SL,1865.0
2019-09-03,0.0029,0.518612205,3.0,2019-09-03,sell,1.0978,0.0026,0.0,1.1187,1.0975,EUUU9,1.1167,0.074281171,1.1217,1.1221,1.1169,1.1177,1.1177,1.1217,-0.001000000000000112,SL,3815.0
2019-09-09,0.0041,0.538287741,4.0,2019-09-09,sell,1.11335,0.0033,0.0,1.1274,1.1125,EU2U9,1.1254,0.083490725,1.1281,1.1305,1.1258,1.1264,1.1264,1.1281,-0.0009999999999998899,SL,1831.0
2019-09-10,0.004,0.509878531,3.0,2019-09-10,sell,1.1127,0.0038,0.0,1.129,1.1125,EU2U9,1.127,0.104254325,1.1286,1.1296,1.1267,1.128,1.128,1.1286,-0.001000000000000112,SL,2155.0
2019-09-11,0.0047,0.542551115,2.0,2019-09-11,sell,1.10855,0.0036,0.0,1.1299,1.1075,EU2U9,1.1279,0.141447334,1.1245,1.129,1.1221,1.1289,1.1289,1.1245,0.001000000000000112,TP,844.0
2019-09-16,0.0039,0.528187212,4.0,2019-09-16,sell,1.1081,0.0033,0.0,1.1311,1.1075,EU3U9,1.1291,0.081990194,1.1241,1.1314,1.1225,1.1301,1.1301,1.1241,-0.0009999999999998899,SL,4316.0
2019-09-17,0.0032,0.458144628,3.0,2019-09-17,sell,1.114,0.0042,0.0,1.1251,1.115,EU3U9,1.1231,0.097959242,1.1295,1.1307,1.1222,1.1241,1.1241,1.1295,0.001000000000000112,TP,3481.0
2019-09-18,0.0023,0.527720677,2.0,2019-09-18,sell,1.11035,0.0019,0.0,1.1304,1.11,EU3U9,1.1284,0.071728499,1.1263,1.1298,1.1242,1.1294,1.1294,1.1263,0.0009999999999998899,TP,3116.0
2019-10-01,0.0022,0.474343196,3.0,2019-10-01,sell,1.0996,0.0026,0.0,1.1116,1.1,EUUV9,1.1096,0.064568065,1.1152,1.1159,1.1096,1.1106,1.1106,1.1152,0.001000000000000112,TP,3396.0
2019-10-07,0.0016,0.510999101,2.0,2019-10-07,sell,1.1026,0.0015,0.0,1.12,1.1025,WE2V9,1.118,0.053336348,1.1183,1.1211,1.1172,1.119,1.119,1.1183,0.0009999999999998899,TP,2266.0
2019-10-09,0.0018,0.496459723,2.0,2019-10-09,sell,1.10245,0.0019,0.0,1.1182,1.1025,EU2V9,1.1162,0.063356862,1.1194,1.1199,1.1163,1.1172,1.1172,1.1194,-0.001000000000000112,SL,2236.0
2019-10-14,0.0019,0.518637226,2.0,2019-10-14,sell,1.1077,0.0017,0.0,1.1245,1.1075,WE3V9,1.1225,0.061594482,1.1234,1.1246,1.1217,1.1235,1.1235,1.1234,0.0009999999999998899,TP,1990.0
2019-10-15,0.0029,0.538148693,3.0,2019-10-15,sell,1.1081,0.0023,0.0,1.1244,1.1075,EU3V9,1.1224,0.069514561,1.1233,1.1248,1.1194,1.1234,1.1234,1.1233,-0.001000000000000112,SL,4582.0
2019-10-16,0.0018,0.452156182,2.0,2019-10-16,sell,1.11185,0.0025,0.0,1.1244,1.1125,EU3V9,1.1224,0.072483033,1.1278,1.1288,1.1224,1.1234,1.1234,1.1278,-0.001000000000000112,SL,4653.0
2019-10-22,0.0027,0.451043009,3.0,2019-10-22,sell,1.1165,0.0037,0.0,1.1358,1.1175,EU4V9,1.1338,0.084569895,1.1314,1.1354,1.1312,1.1348,1.1348,1.1314,0.001000000000000112,TP,2867.0
2019-10-23,0.0019,0.453169846,2.0,2019-10-23,sell,1.11685,0.0025,0.0,1.1325,1.1175,EU4V9,1.1305,0.074266258,1.133,1.1337,1.1303,1.1315,1.1315,1.133,-0.001000000000000112,SL,1869.0
2019-10-29,0.0025,0.474414165,3.0,2019-10-29,sell,1.11455,0.0029,0.0,1.1298,1.115,EU1X9,1.1278,0.071916984,1.13,1.1311,1.1266,1.1288,1.1288,1.13,0.001000000000000112,TP,2278.0
2019-11-05,0.0018,0.452258374,3.0,2019-11-05,sell,1.10935,0.0025,0.0,1.132,1.11,EUUX9,1.13,0.057058098,1.1255,1.1326,1.1249,1.131,1.131,1.1255,-0.0009999999999998899,SL,3615.0
2019-11-06,0.0014,0.464300287,2.0,2019-11-06,sell,1.10965,0.0017,0.0,1.1265,1.11,EUUX9,1.1245,0.052575208,1.1241,1.1278,1.1238,1.1255,1.1255,1.1241,-0.001000000000000112,SL,2308.0
2019-11-13,0.0014,0.49505978,2.0,2019-11-13,sell,1.10245,0.0015,0.0,1.1205,1.1025,EU3X9,1.1185,0.049919462,1.1178,1.12,1.1175,1.1195,1.1195,1.1178,0.0009999999999998899,TP,2771.0
2019-11-18,0.0019,0.457127639,4.0,2019-11-18,sell,1.1094,0.0025,0.0,1.1248,1.11,EU4X9,1.1228,0.049794119,1.125,1.1267,1.123,1.1238,1.1238,1.125,-0.001000000000000112,SL,2426.0
2019-11-19,0.0018,0.472787987,3.0,2019-11-19,sell,1.10965,0.0022,0.0,1.126,1.11,EU4X9,1.124,0.05333568,1.1249,1.126,1.124,1.125,1.125,1.1249,0.0009999999999998899,TP,1789.0
2019-11-25,0.0012,0.481922534,2.0,2019-11-25,sell,1.10235,0.0014,0.0,1.1203,1.1025,WE4X9,1.1183,0.044741419,1.1184,1.1203,1.1175,1.1193,1.1193,1.1184,-0.001000000000000112,SL,2660.0
2019-12-10,0.0034,0.479571074,3.0,2019-12-10,sell,1.117,0.0039,0.0,1.1239,1.1175,EU2Z9,1.1219,0.097031791,1.1251,1.1258,1.1227,1.1229,1.1229,1.1251,-0.0009999999999998899,SL,1816.0
2019-12-16,0.0022,0.453733641,4.0,2019-12-16,sell,1.12175,0.0029,0.0,1.1299,1.1225,EU3Z9,1.1279,0.057038902,1.1304,1.1315,1.1284,1.1289,1.1289,1.1304,-0.0009999999999998899,SL,2255.0
2019-12-24,0.0007,0.500246243,3.0,2019-12-24,sell,1.115,0.0007,0.0,1.1248,1.115,EU4Z9,1.1228,0.018673802,1.1233,1.1243,1.1219,1.1238,1.1238,1.1233,0.0009999999999998899,TP,692.0
2019-12-30,0.0025,0.549609243,4.0,2019-12-30,sell,1.12565,0.0018,0.0,1.1348,1.125,EUUF0,1.1328,0.047942475,1.1344,1.1362,1.1323,1.1338,1.1338,1.1344,-0.001000000000000112,SL,2078.0
2020-01-14,0.0015,0.462850966,3.0,2020-01-14,sell,1.1171,0.0019,0.0,1.1278,1.1175,EU3F0,1.1258,0.044946949,1.1263,1.1275,1.1234,1.1268,1.1268,1.1263,0.001000000000000112,TP,1892.0
2020-01-22,0.0018,0.547678316,2.0,2020-01-22,sell,1.11295,0.0013,0.0,1.1217,1.1125,EU4F0,1.1197,0.052526309,1.1208,1.1223,1.1195,1.1207,1.1207,1.1208,-0.0009999999999998899,SL,2318.0
2020-01-27,0.0013,0.488582002,2.0,2020-01-27,sell,1.1049,0.0014,0.0,1.1158,1.105,WE5F0,1.1138,0.046351896,1.1141,1.1159,1.1131,1.1148,1.1148,1.1141,-0.0009999999999998899,SL,1765.0
2020-01-28,0.002,0.49301973,3.0,2020-01-28,sell,1.1049,0.0021,0.0,1.1153,1.105,EU5F0,1.1133,0.055010225,1.1133,1.1147,1.1118,1.1143,1.1143,1.1133,0.001000000000000112,TP,1732.0
2020-01-29,0.0013,0.513454229,2.0,2020-01-29,sell,1.1051,0.0012,0.0,1.1142,1.105,EU5F0,1.1122,0.042686533,1.1134,1.114,1.1111,1.1132,1.1132,1.1134,0.0009999999999998899,TP,1746.0
2020-02-04,0.0014,0.0,3.0,2020-02-04,buy,1.107,0.0019,-0.548395098,1.1185,1.1075,EUUG0,1.1165,0.043913892,1.1149,1.1179,1.1148,1.1175,1.1175,1.1149,-0.0009999999999998899,TP,2389.0
2020-02-05,0.0013,0.0,2.0,2020-02-05,buy,1.1023,0.0015,-0.522445076,1.1139,1.1025,EUUG0,1.1159,0.048167154,1.1108,1.1162,1.1106,1.1149,1.1149,1.1108,0.0009999999999998899,TP,2060.0
2020-02-11,0.0017,0.0,3.0,2020-02-11,buy,1.09445,0.0023,-0.54352096,1.1009,1.095,EU2G0,1.1029,0.054032688,1.1022,1.1035,1.1002,1.1019,1.1019,1.1022,0.0009999999999998899,TP,3111.0
2020-02-24,0.0032,0.0,4.0,2020-02-24,buy,1.08565,0.0026,-0.462548282,1.0913,1.085,EU4G0,1.0933,0.067152535,1.0963,1.0975,1.0906,1.0923,1.0923,1.0963,-0.001000000000000112,SL,4208.0
2020-02-25,0.004,0.0,3.0,2020-02-25,buy,1.0894,0.0021,-0.474306753,1.0952,1.0875,EU4G0,1.0972,0.081950536,1.0969,1.0992,1.0932,1.0962,1.0962,1.0969,-0.001000000000000112,SL,5044.0
2020-02-27,0.0032,0.0,4.0,2020-02-27,buy,1.0998,0.0034,-0.507838863,1.1001,1.1,MO1H0,1.1021,0.075812196,1.1094,1.1105,1.1005,1.1011,1.1011,1.1094,0.001000000000000112,TP,10160.0
2020-03-02,0.0041,0.0,2.0,2020-03-02,buy,1.1173,0.0043,-0.505901787,1.1138,1.1175,WE1H0,1.1158,0.142165094,1.1241,1.1282,1.1137,1.1148,1.1148,1.1241,-0.001000000000000112,SL,12755.0
2020-03-03,0.0049,0.0,3.0,2020-03-03,buy,1.11865,0.0038,-0.455161303,1.1232,1.1175,EUUH0,1.1252,0.115174992,1.1257,1.1308,1.1193,1.1242,1.1242,1.1257,-0.001000000000000112,SL,10933.0
2020-03-04,0.0025,0.0,2.0,2020-03-04,buy,1.1146,0.0029,-0.523046757,1.1246,1.115,EUUH0,1.1266,0.091450232,1.1231,1.1284,1.1191,1.1256,1.1256,1.1231,-0.0009999999999998899,SL,7486.0
2020-03-05,0.0034,0.0,4.0,2020-03-05,buy,1.1251,0.0033,-0.493676513,1.1223,1.125,MO2H0,1.1243,0.075505457,1.1326,1.1341,1.1213,1.1233,1.1233,1.1326,-0.0009999999999998899,SL,8570.0
2020-03-06,0.0031,0.0,3.0,2020-03-06,buy,1.13635,0.0042,-0.549811217,1.1314,1.1375,MO2H0,1.1334,0.09597097,1.1381,1.1449,1.1312,1.1324,1.1324,1.1381,-0.001000000000000112,SL,13840.0
2020-03-09,0.0063,0.0,2.0,2020-03-09,buy,1.1509,0.0054,-0.472647171,1.1497,1.15,WE2H0,1.1517,0.191936168,1.1486,1.1577,1.1458,1.1507,1.1507,1.1486,0.0009999999999998899,TP,12611.0
2020-03-10,0.0069,0.0,3.0,2020-03-10,buy,1.13395,0.0055,-0.459791983,1.1476,1.1325,EU2H0,1.1496,0.165209223,1.1420000000000001,1.1493,1.1367,1.1486,1.1486,1.1420000000000001,-0.001000000000000112,SL,11463.0
2020-03-11,0.0053,0.0,2.0,2020-03-11,buy,1.13235,0.0054,-0.502201228,1.1417,1.1325,EU2H0,1.1437,0.178632031,1.1401,1.1455,1.1347,1.1427,1.1427,1.1401,0.0009999999999998899,TP,993.0
2020-03-12,0.0064,0.0,4.0,2020-03-12,buy,1.1216,0.0048,-0.451529762,1.1392,1.12,MO3H0,1.1412,0.125263293,1.1304,1.1411,1.1154,1.1402,1.1402,1.1304,-0.001000000000000112,SL,5227.0
2020-03-13,0.0048,0.0,3.0,2020-03-13,buy,1.11245,0.0049,-0.499474873,1.1295,1.1125,MO3H0,1.1315,0.129687418,1.1202,1.1311,1.1157,1.1305,1.1305,1.1202,-0.001000000000000112,SL,10410.0
2020-03-16,0.0052,0.0,2.0,2020-03-16,buy,1.1227,0.005,-0.491413476,1.1208,1.1225,WE3H0,1.1228,0.171680179,1.1281,1.1326,1.1199,1.1218,1.1218,1.1281,-0.0009999999999998899,SL,9484.0
2020-03-17,0.006,0.0,3.0,2020-03-17,buy,1.10495,0.0061,-0.498601906,1.127,1.105,EU3H0,1.129,0.162502284,1.1121,1.1287,1.1053,1.128,1.128,1.1121,-0.0009999999999998899,SL,12965.0
2020-03-18,0.0059,0.0,2.0,2020-03-18,buy,1.09265,0.0057,-0.493180319,1.1111,1.0925,EU3H0,1.1131,0.201714197,1.0998,1.1142,1.0898,1.1121,1.1121,1.0998,0.0009999999999998899,TP,14236.0
2020-03-19,0.0098,0.0,4.0,2020-03-19,buy,1.0719,0.0079,-0.461313378,1.0992,1.07,MO4H0,1.1012,0.208192478,1.0827,1.1049,1.0749,1.1002,1.1002,1.0827,-0.001000000000000112,SL,19579.0
2020-03-20,0.0071,0.0,3.0,2020-03-20,buy,1.06915,0.0055,-0.454877128,1.0816,1.0675,MO4H0,1.0836,0.174718098,1.0785,1.0919,1.0723,1.0826,1.0826,1.0785,0.0009999999999998899,TP,15757.0
2020-03-23,0.0056,0.0,2.0,2020-03-23,buy,1.07715,0.006,-0.507231277,1.0791,1.0775,WE4H0,1.0811,0.205918465,1.089,1.0918,1.0756,1.0801,1.0801,1.089,0.0009999999999998899,TP,11607.0
2020-03-24,0.0063,0.0,3.0,2020-03-24,buy,1.07995,0.0064,-0.498342356,1.0886,1.08,EU4H0,1.0906,0.174516872,1.0896,1.0979,1.0835,1.0896,1.0896,1.0896,-0.0009999999999998899,SL,11264.0
2020-03-25,0.0043,0.0,2.0,2020-03-25,buy,1.09085,0.0035,-0.462549788,1.0885,1.09,EU4H0,1.0905,0.134945768,1.1,1.1019,1.0871,1.0895,1.0895,1.1,-0.0009999999999998899,SL,9017.0
2020-03-26,0.0048,0.0,4.0,2020-03-26,buy,1.108,0.0043,-0.480208772,1.099,1.1075,MO5H0,1.101,0.104338811,1.1163,1.117,1.0983,1.1,1.1,1.1163,-0.001000000000000112,SL,10005.0
2020-03-27,0.0043,0.0,3.0,2020-03-27,buy,1.1157,0.0036,-0.469474495,1.1152,1.115,MO5H0,1.1172,0.105252591,1.1226,1.1235,1.1039,1.1162,1.1162,1.1226,-0.001000000000000112,SL,10030.0
2020-03-30,0.0038,0.0,2.0,2020-03-30,buy,1.10635,0.005,-0.540968491,1.1156,1.1075,WE1J0,1.1176,0.149698703,1.1108,1.1191,1.1067,1.1166,1.1166,1.1108,-0.001000000000000112,SL,7334.0
2020-03-31,0.005,0.0,3.0,2020-03-31,buy,1.10495,0.0051,-0.499327211,1.1095,1.105,EUUJ0,1.1115,0.135727949,1.1098,1.1118,1.1008,1.1105,1.1105,1.1098,-0.001000000000000112,SL,8662.0
2020-04-01,0.0045,0.0,2.0,2020-04-01,buy,1.0957,0.0038,-0.470593437,1.1088,1.095,EUUJ0,1.1108,0.143830879,1.1013,1.1112,1.0979,1.1098,1.1098,1.1013,0.001000000000000112,TP,6135.0
2020-04-02,0.0042,0.0,4.0,2020-04-02,buy,1.0873,0.0044,-0.505518066,1.1002,1.0875,MO1J0,1.1022,0.10039411,1.0917,1.1039,1.0893,1.1012,1.1012,1.0917,0.001000000000000112,TP,6529.0
2020-04-06,0.0026,0.0,2.0,2020-04-06,buy,1.08205,0.0031,-0.524582679,1.0875,1.0825,WE2J0,1.0895,0.099398636,1.0886,1.0905,1.084,1.0885,1.0885,1.0886,0.0009999999999998899,TP,5233.0
2020-04-07,0.0034,0.0,2.0,2020-04-07,buy,1.09275,0.0032,-0.486097892,1.0877,1.0925,EU2J0,1.0897,0.114079063,1.0931,1.0999,1.0885,1.0887,1.0887,1.0931,0.0009999999999998899,TP,7148.0
2020-04-09,0.0023,0.543976758,4.0,2020-04-09,sell,1.09555,0.0018,0.0,1.0926,1.095,MO2J0,1.0946,0.046928189,1.0996,1.102,1.0909,1.0936,1.0936,1.0996,-0.001000000000000112,TP,5738.0
2020-04-13,0.0027,0.462256295,2.0,2020-04-13,sell,1.09425,0.0035,0.0,1.1011,1.095,WE3J0,1.0991,0.106627067,1.1014,1.1034,1.0959999999999999,1.1001,1.1001,1.1014,-0.0009999999999998899,SL,3107.0
2020-04-14,0.0035,0.499316775,3.0,2020-04-14,sell,1.09995,0.0036,0.0,1.1023,1.1,EU3J0,1.1003,0.0957229,1.1043,1.1055,1.0982,1.1013,1.1013,1.1043,0.0009999999999998899,TP,3277.0
2020-04-20,0.0026,0.510845004,2.0,2020-04-20,sell,1.08765,0.0024,0.0,1.0935,1.0875,WE4J0,1.0915,0.086923166,1.09,1.0961,1.0888,1.0925,1.0925,1.09,0.001000000000000112,TP,5971.0
2020-04-21,0.0033,0.465091178,3.0,2020-04-21,sell,1.08665,0.0042,0.0,1.0909,1.0875,EU4J0,1.0889,0.101958274,1.0912,1.0943,1.0879,1.0899,1.0899,1.0912,0.001000000000000112,TP,6992.0
2020-04-22,0.0035,0.540179933,2.0,2020-04-22,sell,1.08325,0.0028,0.0,1.0922,1.0825,EU4J0,1.0902,0.11118811,1.087,1.0947,1.0864,1.0912,1.0912,1.087,-0.001000000000000112,SL,5640.0
2020-04-23,0.0035,0.490469648,4.0,2020-04-23,sell,1.07975,0.0037,0.0,1.088,1.08,MO4J0,1.086,0.084420203,1.0831,1.0907,1.0814,1.087,1.087,1.0831,-0.001000000000000112,SL,9837.0
2020-04-27,0.002,0.454740337,2.0,2020-04-27,sell,1.08435,0.0026,0.0,1.0902,1.085,WE5J0,1.0882,0.080646625,1.0884,1.0921,1.0877,1.0892,1.0892,1.0884,-0.001000000000000112,SL,4593.0
2020-04-28,0.0037,0.489150508,3.0,2020-04-28,sell,1.0847,0.004,0.0,1.0893,1.085,EU1K0,1.0873,0.105945615,1.0906,1.0948,1.0869,1.0883,1.0883,1.0906,0.001000000000000112,TP,6226.0
2020-04-29,0.0032,0.532228571,2.0,2020-04-29,sell,1.08805,0.0026,0.0,1.0915,1.0875,EU1K0,1.0895,0.100588804,1.0921,1.0943,1.0897,1.0905,1.0905,1.0921,-0.0009999999999998899,SL,5673.0
2020-05-04,0.0041,0.466907843,4.0,2020-05-04,sell,1.0915,0.0051,0.0,1.1009,1.0925,EUUK0,1.0989,0.105968386,1.0959999999999999,1.1006,1.0952,1.0999,1.0999,1.0959999999999999,0.001000000000000112,TP,4454.0
2020-05-05,0.0039,0.54931787,3.0,2020-05-05,sell,1.086,0.0029,0.0,1.097,1.085,EUUK0,1.095,0.092293445,1.0891,1.0984,1.0883,1.0959999999999999,1.0959999999999999,1.0891,-0.001000000000000112,SL,7763.0
2020-05-08,0.0014,0.500622232,3.0,2020-05-08,sell,1.085,0.0014,0.0,1.0912,1.085,MO2K0,1.0892,0.038523358,1.0895,1.0932,1.087,1.0902,1.0902,1.0895,0.001000000000000112,TP,4746.0
2020-05-11,0.0031,0.462306436,4.0,2020-05-11,sell,1.08165,0.0039,0.0,1.0913,1.0825,EU3K0,1.0893,0.081680425,1.0861,1.0905,1.0839,1.0903,1.0903,1.0861,0.001000000000000112,TP,4791.0
2020-05-13,0.0023,0.48104494,2.0,2020-05-13,sell,1.0822,0.0026,0.0,1.0915,1.0825,EU3K0,1.0895,0.085448345,1.0863,1.0952,1.0862,1.0905,1.0905,1.0863,0.001000000000000112,TP,7364.0
2020-05-18,0.0022,0.0,2.0,2020-05-18,buy,1.092,0.0027,-0.531823206,1.0888,1.0925,WE3K0,1.0868,0.084548569,1.0962,1.0981,1.0853,1.0878,1.0878,1.0962,-0.001000000000000112,TP,6256.0
2020-05-19,0.0032,0.0,3.0,2020-05-19,buy,1.0952,0.003,-0.488225891,1.0953,1.095,EU4K0,1.0973,0.084435633,1.0993,1.1029,1.0962,1.0963,1.0963,1.0993,0.0009999999999998899,TP,5654.0
2020-05-26,0.0027,0.0,3.0,2020-05-26,buy,1.0998,0.0029,-0.510198239,1.0961,1.1,EU5K0,1.0981,0.075461633,1.1014,1.1048,1.0968,1.0971,1.0971,1.1014,0.001000000000000112,TP,6557.0
2020-05-27,0.0023,0.0,2.0,2020-05-27,buy,1.09945,0.0028,-0.533817741,1.1003,1.1,EU5K0,1.1023,0.088292148,1.1064,1.1086,1.0986,1.1013,1.1013,1.1064,-0.0009999999999998899,SL,10608.0
2020-05-28,0.0027,0.0,4.0,2020-05-28,buy,1.10925,0.0034,-0.538178097,1.1052,1.11,MO1M0,1.1072,0.069291808,1.1141,1.1146,1.1043,1.1062,1.1062,1.1141,0.0009999999999998899,TP,7304.0
2020-05-29,0.0015,0.0,3.0,2020-05-29,buy,1.1101,0.0014,-0.488276236,1.1132,1.11,MO1M0,1.1152,0.038740814,1.1157,1.1197,1.1131,1.1142,1.1142,1.1157,0.0009999999999998899,TP,8954.0
2020-06-01,0.0044,0.0,4.0,2020-06-01,buy,1.11355,0.0034,-0.455007382,1.1174,1.1125,EUUM0,1.1194,0.087890714,1.1177,1.1204,1.1152,1.1184,1.1184,1.1177,0.0009999999999998899,TP,4610.0
2020-06-02,0.0037,0.0,3.0,2020-06-02,buy,1.11745,0.0038,-0.500463563,1.1167,1.1175,EUUM0,1.1187,0.099495578,1.1259,1.1262,1.1166,1.1177,1.1177,1.1259,0.001000000000000112,TP,7756.0
2020-06-03,0.0037,0.0,2.0,2020-06-03,buy,1.12405,0.0047,-0.534763478,1.1248,1.125,EUUM0,1.1268,0.141909973,1.1267,1.1308,1.1235,1.1258,1.1258,1.1267,0.001000000000000112,TP,8186.0
2020-06-04,0.0035,0.0,4.0,2020-06-04,buy,1.1375,0.0035,-0.498456939,1.1258,1.1375,MO2M0,1.1278,0.078000544,1.1389,1.1412,1.1245,1.1268,1.1268,1.1389,-0.001000000000000112,SL,12588.0
2020-06-08,0.0033,0.0,2.0,2020-06-08,buy,1.133,0.0028,-0.472061412,1.1329,1.1325,WE2M0,1.1349,0.103537051,1.1337,1.1369,1.1317,1.1339,1.1339,1.1337,0.001000000000000112,TP,4998.0
2020-06-09,0.0042,0.0,3.0,2020-06-09,buy,1.13705,0.0046,-0.514493853,1.1326,1.1375,EU2M0,1.1346,0.114714936,1.1394,1.1414,1.1291,1.1336,1.1336,1.1394,-0.0009999999999998899,SL,6214.0
2020-06-10,0.0033,0.0,2.0,2020-06-10,buy,1.1418,0.004,-0.529389702,1.1384,1.1425,EU2M0,1.1404,0.120426039,1.1413,1.1471,1.1374,1.1394,1.1394,1.1413,0.001000000000000112,TP,1575.0
2020-06-11,0.004,0.0,4.0,2020-06-11,buy,1.13245,0.004,-0.500229973,1.1396,1.1325,MO3M0,1.1416,0.089033134,1.1342,1.1451,1.1325,1.1406,1.1406,1.1342,-0.001000000000000112,SL,2566.0
2020-06-12,0.0033,0.0,3.0,2020-06-12,buy,1.1255,0.0028,-0.472324901,1.1333,1.125,MO3M0,1.1353,0.080228116,1.13,1.139,1.1261,1.1343,1.1343,1.13,0.0009999999999998899,TP,5875.0
2020-06-15,0.0029,0.0,2.0,2020-06-15,buy,1.13405,0.0039,-0.543768562,1.1301,1.135,WE3M0,1.1321,0.113768962,1.1386,1.1396,1.1275,1.1311,1.1311,1.1386,-0.0009999999999998899,SL,6507.0
2020-06-16,0.0037,0.0,3.0,2020-06-16,buy,1.12955,0.0042,-0.516579669,1.1377,1.13,EU3M0,1.1397,0.104556316,1.1311,1.1402,1.1275,1.1387,1.1387,1.1311,-0.001000000000000112,SL,7406.0
2020-06-17,0.0033,0.0,2.0,2020-06-17,buy,1.1254,0.0029,-0.477821525,1.1301,1.125,EU3M0,1.1321,0.103963448,1.1297,1.1341,1.1254,1.1311,1.1311,1.1297,0.001000000000000112,TP,6688.0
2020-06-18,0.0033,0.0,4.0,2020-06-18,buy,1.12305,0.0028,-0.469693435,1.1286,1.1225,MO4M0,1.1306,0.06873516,1.1259,1.1308,1.1231,1.1296,1.1296,1.1259,0.001000000000000112,TP,5267.0
2020-06-22,0.0031,0.542374908,2.0,2020-06-22,sell,1.1282,0.0024,0.0,1.1227,1.1275,WE4M0,1.1247,0.091756182,1.1315,1.1327,1.1234,1.1237,1.1237,1.1315,-0.001000000000000112,TP,5959.0
2020-06-23,0.0041,0.536358549,3.0,2020-06-23,sell,1.1333,0.0033,0.0,1.1323,1.1325,EU4M0,1.1303,0.096500336,1.136,1.1395,1.1303,1.1313,1.1313,1.136,0.0009999999999998899,TP,5764.0
2020-06-24,0.0032,0.528732858,2.0,2020-06-24,sell,1.128,0.0027,0.0,1.1371,1.1275,EU4M0,1.1351,0.099890818,1.1285,1.137,1.1284,1.1361,1.1361,1.1285,0.001000000000000112,TP,6226.0
2020-06-26,0.0014,0.464320109,3.0,2020-06-26,sell,1.12465,0.0017,0.0,1.1275,1.125,MO5M0,1.1255,0.041035522,1.1263,1.1283,1.1239,1.1265,1.1265,1.1263,0.001000000000000112,TP,3836.0
2020-06-29,0.0028,0.525967469,2.0,2020-06-29,sell,1.1254,0.0024,0.0,1.1292,1.125,WE1N0,1.1272,0.087218152,1.128,1.1331,1.1262,1.1282,1.1282,1.128,-0.0009999999999998899,SL,5750.0
2020-06-30,0.0028,0.522455758,2.0,2020-06-30,sell,1.12535,0.0025,0.0,1.1291,1.125,EUUN0,1.1271,0.088835429,1.1268,1.1305,1.1233,1.1281,1.1281,1.1268,0.001000000000000112,TP,6237.0
2020-07-02,0.0018,0.464759939,4.0,2020-07-02,sell,1.12455,0.0022,0.0,1.1314,1.125,MO1N0,1.1294,0.044649937,1.1285,1.1345,1.1266,1.1304,1.1304,1.1285,-0.0009999999999998899,SL,5804.0
2020-07-06,0.004,0.539462685,4.0,2020-07-06,sell,1.13335,0.0032,0.0,1.1335,1.1325,EU2N0,1.1315,0.079804855,1.1352,1.1387,1.1322,1.1325,1.1325,1.1352,-0.0009999999999998899,SL,6834.0
2020-07-07,0.0031,0.52060847,3.0,2020-07-07,sell,1.13035,0.0027,0.0,1.136,1.13,EU2N0,1.134,0.07602738,1.1319,1.1357,1.13,1.135,1.135,1.1319,0.001000000000000112,TP,6275.0
2020-07-08,0.0026,0.520803327,2.0,2020-07-08,sell,1.1353,0.0023,0.0,1.1329,1.135,EU2N0,1.1309,0.081504409,1.1402,1.1403,1.1304,1.1319,1.1319,1.1402,0.0009999999999998899,TP,5844.0
2020-07-13,0.0025,0.469006586,2.0,2020-07-13,sell,1.137,0.0,0.0,1.1377,1.1375,WE3N0,1.1357,0.081894707,1.1382,1.1417,1.1342,1.1367,1.1367,1.1382,-0.0009999999999998899,SL,7178.0
2020-07-14,0.004,0.547651909,3.0,2020-07-14,sell,1.141,0.003,0.0,1.1392,1.14,EU3N0,1.1372,0.091924632,1.1437,1.1462,1.1365,1.1382,1.1382,1.1437,0.001000000000000112,TP,7981.0
2020-07-15,0.0028,0.482115351,2.0,2020-07-15,sell,1.14215,0.0031,0.0,1.1446,1.1425,EU3N0,1.1426,0.097532018,1.1443,1.1491,1.143,1.1436,1.1436,1.1443,-0.001000000000000112,SL,6927.0
2020-07-16,0.0033,0.469061349,4.0,2020-07-16,sell,1.13925,0.0041,0.0,1.1453,1.14,MO3N0,1.1433,0.081629026,1.143,1.148,1.1408,1.1443,1.1443,1.143,0.001000000000000112,TP,6975.0
2020-07-17,0.0038,0.51027544,3.0,2020-07-17,sell,1.1452,0.0036,0.0,1.144,1.145,MO3N0,1.142,0.096787273,1.1467,1.1482,1.1416,1.143,1.143,1.1467,0.001000000000000112,TP,5014.0
2020-07-20,0.0029,0.534720813,2.0,2020-07-20,sell,1.14555,0.0024,0.0,1.1466,1.145,WE4N0,1.1446,0.087220779,1.1484,1.1508,1.1440000000000001,1.1456,1.1456,1.1484,-0.001000000000000112,SL,7368.0
2020-07-21,0.0031,0.475449869,3.0,2020-07-21,sell,1.15445,0.0037,0.0,1.1493,1.155,EU4N0,1.1473,0.088070395,1.1578,1.1586,1.1462,1.1483,1.1483,1.1578,0.001000000000000112,TP,8338.0
2020-07-22,0.0033,0.545847346,2.0,2020-07-22,sell,1.1583,0.0025,0.0,1.1588,1.1575,EU4N0,1.1568,0.094186879,1.1614,1.1639,1.1545,1.1578,1.1578,1.1614,0.0009999999999998899,TP,8530.0
2020-07-23,0.0028,0.484945246,4.0,2020-07-23,sell,1.1622,0.0031,0.0,1.1624,1.1625,MO4N0,1.1604,0.063959887,1.165,1.1664,1.1578,1.1614,1.1614,1.165,-0.001000000000000112,SL,9031.0
2020-07-24,0.0019,0.0,3.0,2020-07-24,buy,1.165,0.0019,-0.499180643,1.166,1.165,MO4N0,1.164,0.048344276,1.1694,1.1695,1.1619,1.165,1.165,1.1694,-0.001000000000000112,TP,6650.0
2020-07-27,0.0033,0.0,2.0,2020-07-27,buy,1.17635,0.0045,-0.54622095,1.1738,1.1775,WE5N0,1.1758,0.125107675,1.1759,1.1818,1.1719,1.1748,1.1748,1.1759,-0.001000000000000112,SL,9761.0
2020-07-28,0.0049,0.0,3.0,2020-07-28,buy,1.1736,0.0038,-0.457430478,1.175,1.1725,EU5N0,1.177,0.109825464,1.1766,1.1779,1.1736,1.176,1.176,1.1766,0.001000000000000112,TP,6841.0
2020-07-29,0.0043,0.0,2.0,2020-07-29,buy,1.17775,0.004,-0.4885192,1.1754,1.1775,EU5N0,1.1774,0.133878294,1.1812,1.1843,1.1755,1.1764,1.1764,1.1812,0.001000000000000112,TP,8953.0
2020-07-30,0.0036,0.0,4.0,2020-07-30,buy,1.18475,0.0039,-0.509125785,1.1802,1.185,MO1Q0,1.1822,0.080404127,1.1926,1.1939,1.1767,1.1812,1.1812,1.1926,-0.001000000000000112,SL,9370.0
2020-07-31,0.0026,0.0,3.0,2020-07-31,buy,1.17995,0.0026,-0.501994118,1.1916,1.18,MO1Q0,1.1936,0.065980013,1.1811,1.1944,1.1798,1.1926,1.1926,1.1811,-0.001000000000000112,SL,8856.0
2020-08-03,0.0029,0.0,2.0,2020-08-03,buy,1.17705,0.0034,-0.521794731,1.1798,1.1775,WE1Q0,1.1818,0.100947328,1.1801,1.1819,1.173,1.1808,1.1808,1.1801,-0.001000000000000112,SL,5691.0
2020-08-04,0.0039,0.0,3.0,2020-08-04,buy,1.1792,0.0047,-0.528181141,1.1792,1.18,EUUQ0,1.1812,0.108989135,1.1848,1.1855,1.1756,1.1802,1.1802,1.1848,0.001000000000000112,TP,5655.0
2020-08-05,0.0035,0.0,2.0,2020-08-05,buy,1.18705,0.004,-0.517927319,1.1839,1.1875,EUUQ0,1.1859,0.121118609,1.1906,1.1939,1.1834,1.1849,1.1849,1.1906,-0.001000000000000112,SL,6764.0
2020-08-06,0.0044,0.0,4.0,2020-08-06,buy,1.1884,0.0035,-0.461725841,1.1897,1.1875,MO2Q0,1.1917,0.083496018,1.1859,1.1949,1.1851,1.1907,1.1907,1.1859,0.0009999999999998899,TP,10465.0
2020-08-10,0.0028,0.0,2.0,2020-08-10,buy,1.17525,0.0025,-0.483626081,1.1818,1.175,WE2Q0,1.1838,0.085164948,1.178,1.1833,1.1755,1.1828,1.1828,1.178,-0.001000000000000112,SL,5811.0
2020-08-11,0.0038,0.0,3.0,2020-08-11,buy,1.1754,0.0034,-0.48060211,1.177,1.175,EU2Q0,1.179,0.090773768,1.1754,1.1840000000000002,1.1748,1.178,1.178,1.1754,-0.0009999999999998899,SL,7497.0
2020-08-12,0.0027,0.0,2.0,2020-08-12,buy,1.17925,0.0035,-0.538022273,1.1741,1.18,EU2Q0,1.1761,0.100643885,1.1839,1.185,1.1743,1.1751,1.1751,1.1839,0.0009999999999998899,TP,6340.0
2020-08-13,0.0036,0.0,4.0,2020-08-13,buy,1.18065,0.003,-0.466994696,1.1831,1.18,MO3Q0,1.1851,0.070288917,1.1841,1.1896,1.1825,1.1841,1.1841,1.1841,0.001000000000000112,TP,6215.0
2020-08-14,0.0016,0.0,3.0,2020-08-14,buy,1.1845,0.0021,-0.542855224,1.1831,1.185,MO3Q0,1.1851,0.046532005,1.1873,1.1881,1.1811,1.1841,1.1841,1.1873,0.001000000000000112,TP,5059.0
2020-08-17,0.0025,0.0,2.0,2020-08-17,buy,1.18725,0.0028,-0.514215662,1.1881,1.1875,WE3Q0,1.1901,0.085556398,1.1917,1.1928,1.1859,1.1891,1.1891,1.1917,-0.001000000000000112,SL,4935.0
2020-08-18,0.0037,0.0,3.0,2020-08-18,buy,1.1945,0.0042,-0.518717927,1.1908,1.195,EU3Q0,1.1928,0.098033498,1.1959,1.1996,1.1914,1.1918,1.1918,1.1959,0.001000000000000112,TP,6560.0
2020-08-20,0.0036,0.0,4.0,2020-08-20,buy,1.1858,0.0028,-0.45846328,1.1868,1.185,MO4Q0,1.1888,0.067736597,1.1902,1.1906,1.1832,1.1878,1.1878,1.1902,-0.0009999999999998899,SL,8130.0
2020-08-24,0.0026,0.0,2.0,2020-08-24,buy,1.17975,0.0029,-0.513548493,1.1807,1.18,WE4Q0,1.1827,0.088065411,1.1835,1.188,1.1814,1.1817,1.1817,1.1835,0.001000000000000112,TP,6265.0
2020-08-25,0.0035,0.0,3.0,2020-08-25,buy,1.1838,0.0047,-0.545648387,1.1825,1.185,EU4Q0,1.1845,0.10314841,1.1848,1.1872,1.1827,1.1835,1.1835,1.1848,0.001000000000000112,TP,6241.0
2020-08-26,0.0032,0.0,2.0,2020-08-26,buy,1.18195,0.0038,-0.524043359,1.1838,1.1825,EU4Q0,1.1858,0.113763173,1.1861,1.1877,1.1801,1.1848,1.1848,1.1861,-0.001000000000000112,SL,8091.0
2020-08-27,0.003,0.0,4.0,2020-08-27,buy,1.1828,0.0027,-0.481890562,1.1851,1.1825,MO5Q0,1.1871,0.061186253,1.1886,1.1931,1.179,1.1861,1.1861,1.1886,-0.0009999999999998899,SL,15741.0
2020-08-28,0.0019,0.0,3.0,2020-08-28,buy,1.18945,0.0024,-0.540311366,1.1877,1.19,MO5Q0,1.1897,0.053325604,1.1933,1.1948,1.188,1.1887,1.1887,1.1933,0.0009999999999998899,TP,9730.0
2020-08-31,0.0042,0.0,4.0,2020-08-31,buy,1.19395,0.0052,-0.533973117,1.1928,1.195,EUUU0,1.1948,0.099550201,1.2018,1.2024,1.1912,1.1938,1.1938,1.2018,-0.0009999999999998899,SL,9822.0
2020-09-01,0.0034,0.0,3.0,2020-09-01,buy,1.1913,0.0046,-0.546780454,1.2007,1.1925,EUUU0,1.2027,0.098854638,1.193,1.2039,1.1919,1.2017,1.2017,1.193,-0.0009999999999998899,SL,10981.0
2020-09-02,0.0034,0.0,2.0,2020-09-02,buy,1.1828,0.0031,-0.483678155,1.192,1.1825,EUUU0,1.194,0.105451611,1.1846,1.194,1.1846,1.193,1.193,1.1846,0.0009999999999998899,TP,9841.0
2020-09-08,0.0045,0.0,3.0,2020-09-08,buy,1.18065,0.0039,-0.473336783,1.1824,1.18,EU2U0,1.1844,0.106422008,1.1805,1.1852,1.1783,1.1834,1.1834,1.1805,-0.001000000000000112,SL,7062.0
2020-09-09,0.0041,0.0,2.0,2020-09-09,buy,1.1833,0.0033,-0.463400894,1.1794,1.1825,EU2U0,1.1814,0.119710357,1.1846,1.1859,1.1778,1.1804,1.1804,1.1846,-0.0009999999999998899,SL,1037.0
2020-09-10,0.0031,0.0,4.0,2020-09-10,buy,1.185,0.0031,-0.498689079,1.1836,1.185,MO2U0,1.1856,0.066432017,1.1858,1.1941,1.1835,1.1846,1.1846,1.1858,0.0009999999999998899,TP,2380.0
2020-09-14,0.0035,0.0,4.0,2020-09-14,buy,1.1889,0.0046,-0.54201935,1.1861,1.19,EU3U0,1.1881,0.085566091,1.1912,1.1914,1.1867,1.1871,1.1871,1.1912,0.0009999999999998899,TP,4289.0
2020-09-15,0.004,0.0,3.0,2020-09-15,buy,1.18765,0.0038,-0.492164918,1.1902,1.1875,EU3U0,1.1922,0.098013321,1.187,1.1923,1.1852,1.1912,1.1912,1.187,0.0009999999999998899,TP,5498.0
2020-09-16,0.0026,0.0,2.0,2020-09-16,buy,1.1821,0.003,-0.522016091,1.186,1.1825,EU3U0,1.188,0.090835697,1.1774,1.1905,1.1759,1.187,1.187,1.1774,0.0009999999999998899,TP,10918.0
2020-09-18,0.0015,0.0,3.0,2020-09-18,buy,1.1874,0.0016,-0.509708845,1.1862,1.1875,MO3U0,1.1882,0.038733821,1.1861,1.1892,1.1848,1.1872,1.1872,1.1861,0.0009999999999998899,TP,4444.0
2020-09-21,0.0027,0.0,2.0,2020-09-21,buy,1.17755,0.0026,-0.495841761,1.1879,1.1775,WE4U0,1.1899,0.085135218,1.1788,1.1893,1.1751,1.1889,1.1889,1.1788,-0.001000000000000112,SL,8551.0
2020-09-22,0.0034,0.0,3.0,2020-09-22,buy,1.1726,0.0033,-0.49377681,1.1778,1.1725,EU4U0,1.1798,0.084884281,1.17,1.179,1.1696,1.1788,1.1788,1.17,-0.001000000000000112,SL,9746.0
2020-09-23,0.0029,0.0,2.0,2020-09-23,buy,1.16775,0.0027,-0.484403649,1.1691,1.1675,EU4U0,1.1711,0.090733989,1.1675,1.1739,1.167,1.1701,1.1701,1.1675,-0.0009999999999998899,SL,9007.0
2020-09-28,0.004,0.0,4.0,2020-09-28,buy,1.1683,0.0032,-0.462814553,1.1645,1.1675,EU1V0,1.1665,0.077467133,1.1693,1.1702,1.1642,1.1655,1.1655,1.1693,-0.0009999999999998899,SL,6105.0
2020-09-29,0.0038,0.0,3.0,2020-09-29,buy,1.1756,0.0032,-0.470894746,1.1684,1.175,EU1V0,1.1704,0.08989576,1.1748,1.1774,1.1683,1.1694,1.1694,1.1748,-0.0009999999999998899,SL,6688.0
2020-10-05,0.0021,0.452124828,2.0,2020-10-05,sell,1.17925,0.0029,0.0,1.1735,1.18,WE1V0,1.1755,0.081881461,1.1807,1.1816,1.1737,1.1745,1.1745,1.1807,-0.0009999999999998899,TP,3767.0
2020-10-06,0.003,0.474034892,3.0,2020-10-06,sell,1.17695,0.0035,0.0,1.1819,1.1775,EUUV0,1.1799,0.083146841,1.1745,1.1824,1.1741,1.1809,1.1809,1.1745,0.001000000000000112,TP,6106.0
2020-10-08,0.0019,0.484808253,4.0,2020-10-08,sell,1.1773,0.0021,0.0,1.1795,1.1775,MO2V0,1.1775,0.042804627,1.1793,1.1797,1.1748,1.1785,1.1785,1.1793,-0.0009999999999998899,SL,3944.0
2020-10-12,0.002,0.50083184,2.0,2020-10-12,sell,1.1825,0.002,0.0,1.1842,1.1825,WE2V0,1.1822,0.063837237,1.181,1.1842,1.1803,1.1832,1.1832,1.181,-0.0009999999999998899,SL,5981.0
2020-10-19,0.0026,0.547682935,2.0,2020-10-19,sell,1.17815,0.0019,0.0,1.173,1.1775,WE3V0,1.171,0.071722777,1.179,1.1808,1.1716,1.172,1.172,1.179,-0.001000000000000112,SL,6334.0
2020-10-21,0.0026,0.501067352,2.0,2020-10-21,sell,1.1875,0.0026,0.0,1.187,1.1875,EU4V0,1.185,0.085164682,1.1855,1.1894,1.1852,1.186,1.186,1.1855,-0.001000000000000112,SL,6109.0
2020-10-22,0.0027,0.541110451,4.0,2020-10-22,sell,1.1831,0.0021,0.0,1.1865,1.1825,MO4V0,1.1845,0.050913041,1.1812,1.188,1.1799,1.1855,1.1855,1.1812,-0.001000000000000112,SL,4967.0
2020-10-23,0.0013,0.461778926,3.0,2020-10-23,sell,1.18715,0.0016,0.0,1.1822,1.1875,MO4V0,1.1802,0.036064453,1.1874,1.1877,1.1804,1.1812,1.1812,1.1874,-0.0009999999999998899,SL,5685.0
2020-10-26,0.0025,0.507637634,2.0,2020-10-26,sell,1.1826,0.0024,0.0,1.1856,1.1825,WE4V0,1.1836,0.080376449,1.1833,1.1859,1.1815,1.1846,1.1846,1.1833,-0.0009999999999998899,SL,4984.0
2020-10-27,0.0035,0.501455276,3.0,2020-10-27,sell,1.1825,0.0035,0.0,1.1843,1.1825,EU5V0,1.1823,0.089399187,1.1788,1.1852,1.1781,1.1833,1.1833,1.1788,-0.0009999999999998899,SL,4594.0
2020-10-29,0.0031,0.542119169,4.0,2020-10-29,sell,1.1682,0.0024,0.0,1.1775,1.1675,MO1X0,1.1755,0.058725429,1.1701,1.1768,1.1661,1.1765,1.1765,1.1701,0.001000000000000112,TP,8082.0
